Norsk navn,Latinsk navn,Familie,Type,bilde_url,norskflora_url,bilde_status
Aksveronika,Veronica spicata,Maskeblomstfamilien,Urt/staude,https://norskflora.no/plante/?sle=Veronica&art=spicata,https://bilder.norskflora.no/orig/floradanica_0052.jpg,FUNNET,
Alm,Ulmus glabra,Almefamilien,Tre/busk,https://norskflora.no/plante/?sle=Ulmus&art=glabra,https://bilder.norskflora.no/orig/mentzii366.jpg,FUNNET,
Alperips,Ribes alpinum,Ripsfamilien,Tre/busk,https://norskflora.no/plante/?sle=Ribes&art=alpinum,https://bilder.norskflora.no/orig/mentzii282.jpg,FUNNET,
Ask,Fraxinus excelsior,Oliventrefamilien,Tre/busk,https://norskflora.no/plante/?sle=Fraxinus&art=excelsior,https://bilder.norskflora.no/orig/mentzi74.jpg,FUNNET,
Bakketimian,Thymus pulegioides,Leppeblomstfamilien,Urt/staude,https://norskflora.no/plante/?sle=Thymus&art=pulegioides,https://bilder.norskflora.no/orig/floradanica_2237.jpg,FUNNET,
Ballblom,Trollius europaeus,Soleiefamilien,Urt/staude,https://norskflora.no/plante/?sle=Trollius&art=europaeus,https://bilder.norskflora.no/orig/mentzi175.jpg,FUNNET,
Barlind,Taxus baccata,Barlindfamilien,Tre/busk,https://norskflora.no/plante/?sle=Taxus&art=baccata,https://bilder.norskflora.no/orig/mentzii498.jpg,FUNNET,
Bekkeblom,Caltha palustris,Soleiefamilien,Urt/staude,https://norskflora.no/plante/?sle=Caltha&art=palustris,https://bilder.norskflora.no/orig/mentzi174.jpg,FUNNET,
Bendelløk,Allium scorodoprasum,Løkfamilien,Urt/staude,https://norskflora.no/plante/?sle=Allium&art=scorodoprasum,https://bilder.norskflora.no/orig/floradanica_0290.jpg,FUNNET,
Bergasal,Aria rupicola,Rosefamilien,Tre/busk,https://norskflora.no/plante/?sle=Aria&art=rupicola,https://bilder.norskflora.no/orig/unimus_arirup.jpg,FUNNET,
Bergflette,Hedera helix,Bergflettefamilien,Tre/busk,https://norskflora.no/plante/?sle=Hedera&art=helix,https://bilder.norskflora.no/orig/mentzi249.jpg,FUNNET,
Bergfrue,Saxifraga cotyledon,Sildrefamilien,Urt/staude,https://norskflora.no/plante/?sle=Saxifraga&art=cotyledon,https://bilder.norskflora.no/orig/mentziv611.jpg,FUNNET,
Bergrørkvein,Calamagrostis epigejos,Gressfamilien,Gressplante,https://norskflora.no/plante/?sle=Calamagrostis&art=epigejos,https://bilder.norskflora.no/orig/floradanica_2165.jpg,FUNNET,
Bergsvineblom,Senecio sylvaticus,Kurvplantefamilien,Urt/staude,https://norskflora.no/plante/?sle=Senecio&art=sylvaticus,https://bilder.norskflora.no/orig/floradanica_0869.jpg,FUNNET,
Bitterbergknapp,Sedum acre,Bergknappfamilien,Urt/staude,https://no.wikipedia.org/wiki/Bitterbergknapp,https://upload.wikimedia.org/wikipedia/commons/thumb/1/1c/Sedum_acre_single_-_Niitv%C3%A4lja.jpg/500px-Sedum_acre_single_-_Niitv%C3%A4lja.jpg,FUNNET,
Bjørk,Betula pubescens,Bjørkefamilien,Tre/busk,https://no.wikipedia.org/wiki/Bj%C3%B8rkeslekten,https://bilder.norskflora.no/orig/IMG_5388.jpg,FUNNET,
Bjørnebær,Rubus fruticosus,Rosefamilien,Tre/busk,https://norskflora.no/plante/?sle=Rubus&art=fruticosus,https://bilder.norskflora.no/orig/mentzii307.jpg,FUNNET,
Bjørnekam,Blechnum spicant,Bjørnekamfamilien,Bregne,https://norskflora.no/plante/?sle=Blechnum&art=spicant,https://bilder.norskflora.no/orig/mentzii507.jpg,FUNNET,
Bleiksøte,Gentianella aurea,Søterotfamilien,Urt/staude,https://norskflora.no/plante/?sle=Gentianella&art=aurea,https://bilder.norskflora.no/orig/floradanica_0344.jpg,FUNNET,
Bleikvier,Salix hastata,Vierfamilien,Tre/busk,https://no.wikipedia.org/wiki/Bleikvier,https://upload.wikimedia.org/wikipedia/commons/thumb/c/c7/Illustration_Salix_hastata0.jpg/500px-Illustration_Salix_hastata0.jpg,FUNNET,
Blodstorkenebb,Geranium sanguineum,Storkenebbfamilien,Urt/staude,https://norskflora.no/plante/?sle=Geranium&art=sanguineum,https://bilder.norskflora.no/orig/mentziv598.jpg,FUNNET,
Blodtopp,Sanguisorba officinalis,Rosefamilien,Urt/staude,https://norskflora.no/plante/?sle=Sanguisorba&art=officinalis,https://bilder.norskflora.no/orig/mentzii296.jpg,FUNNET,
Blokkebær,Vaccinium uliginosum,Lyngfamilien,Lyngplante,https://norskflora.no/plante/?sle=Vaccinium&art=uliginosum,https://bilder.norskflora.no/orig/mentzi142.jpg,FUNNET,
Blåbringebær,Rubus caesius,Rosefamilien,Tre/busk,https://norskflora.no/plante/?sle=Rubus&art=caesius,https://bilder.norskflora.no/orig/mentzii308.jpg,FUNNET,
Blåbær,Vaccinium myrtillus,Lyngfamilien,Lyngplante,https://norskflora.no/plante/?sle=Vaccinium&art=myrtillus,https://bilder.norskflora.no/orig/IMG_1390.jpg,FUNNET,
Blåklokke,Campanula rotundifolia,Klokkefamilien,Urt/staude,https://norskflora.no/plante/?sle=Campanula&art=rotundifolia,https://bilder.norskflora.no/orig/mentzi53.jpg,FUNNET,
Blåknapp,Succisa pratensis,Kardeborrefamilien,Urt/staude,https://norskflora.no/plante/?sle=Succisa&art=pratensis,https://bilder.norskflora.no/orig/IMG_4428.jpg,FUNNET,
Blåkoll,Prunella vulgaris,Leppeblomstfamilien,Urt/staude,https://norskflora.no/plante/?sle=Prunella&art=vulgaris,https://bilder.norskflora.no/orig/mentzi101.jpg,FUNNET,
Blålyng,Phyllodoce caerulea,Lyngfamilien,Lyngplante,https://norskflora.no/plante/?sle=Phyllodoce&art=caerulea,https://bilder.norskflora.no/orig/mentzi149.jpg,FUNNET,
Blåtopp,Molinia caerulea,Gressfamilien,Gressplante,https://norskflora.no/plante/?sle=Molinia&art=caerulea,https://bilder.norskflora.no/orig/mentzii456.jpg,FUNNET,
Blåveis,Hepatica nobilis,Soleiefamilien,Urt/staude,https://norskflora.no/plante/?sle=Hepatica&art=nobilis,https://bilder.norskflora.no/orig/IMG_5847.jpg,FUNNET,
Bondekål,Brassica rapa,Korsblomstfamilien,Urt/staude,https://norskflora.no/plante/?sle=Brassica&art=rapa,https://bilder.norskflora.no/orig/floradanica_2779.jpg,FUNNET,
Breddunkjevle,Typha latifolia,Dunkjevlefamilien,Gressplante,https://norskflora.no/plante/?sle=Typha&art=latifolia,https://bilder.norskflora.no/orig/mentzii493.jpg,FUNNET,
Bringebær,Rubus idaeus,Rosefamilien,Tre/busk,https://norskflora.no/plante/?sle=Rubus&art=idaeus,https://bilder.norskflora.no/orig/mentzii306.jpg,FUNNET,
Broddtelg,Dryopteris carthusiana,Stortelgfamilien,Bregne,https://norskflora.no/plante/?sle=Dryopteris&art=carthusiana,https://bilder.norskflora.no/orig/floradanica_0707.jpg,FUNNET,
Brudelys,Butomus umbellatus,Brudelysfamilien,Urt/staude,https://norskflora.no/plante/?sle=Butomus&art=umbellatus,https://bilder.norskflora.no/orig/mentzii483.jpg,FUNNET,
Bukkebeinurt,Ononis arvensis,Erteblomstfamilien,Urt/staude,https://norskflora.no/plante/?sle=Ononis&art=arvensis,https://bilder.norskflora.no/orig/floradanica_1584.jpg,FUNNET,
Bukkeblad,Menyanthes trifoliata,Bukkebladfamilien,Urt/staude,https://norskflora.no/plante/?sle=Menyanthes&art=trifoliata,https://bilder.norskflora.no/orig/mentzi79.jpg,FUNNET,
Bulmeurt,Hyoscyamus niger,Søtvierfamilien,Urt/staude,https://norskflora.no/plante/?sle=Hyoscyamus&art=niger,https://bilder.norskflora.no/orig/mentzi110.jpg,FUNNET,
Burot,Artemisia vulgaris,Kurvplantefamilien,Urt/staude,https://norskflora.no/plante/?sle=Artemisia&art=vulgaris,https://bilder.norskflora.no/orig/mentzi18.jpg,FUNNET,
Bustnype,Rosa mollis,Rosefamilien,Tre/busk,https://norskflora.no/plante/?sle=Rosa&art=mollis,https://bilder.norskflora.no/orig/mentzii291.jpg,FUNNET,
Bøk,Fagus sylvatica,Bøkefamilien,Tre/busk,https://norskflora.no/plante/?sle=Fagus&art=sylvatica,https://bilder.norskflora.no/orig/mentzii367.jpg,FUNNET,
Dikesoldogg,Drosera intermedia,Soldoggfamilien,Urt/staude,https://norskflora.no/plante/?sle=Drosera&art=intermedia,https://bilder.norskflora.no/orig/floradanica_2108.jpg,FUNNET,
Doggpil,Salix daphnoides,Vierfamilien,Tre/busk,https://norskflora.no/plante/?sle=Salix&art=daphnoides,https://bilder.norskflora.no/orig/floradanica_2919.jpg,FUNNET,
Dragehode,Dracocephalum ruyschiana,Leppeblomstfamilien,Urt/staude,https://norskflora.no/plante/?sle=Dracocephalum&art=ruyschiana,https://bilder.norskflora.no/orig/floradanica_0121.jpg,FUNNET,
Dunkjempe,Plantago media,Maskeblomstfamilien,Urt/staude,https://norskflora.no/plante/?sle=Plantago&art=media,https://bilder.norskflora.no/orig/mentzi128.jpg,FUNNET,
Dvergbjørk,Betula nana,Bjørkefamilien,Tre/busk,https://norskflora.no/plante/?sle=Betula&art=nana,https://bilder.norskflora.no/orig/mentzii372.jpg,FUNNET,
Dvergmispel,Cotoneaster integerrimus,Rosefamilien,Tre/busk,https://norskflora.no/plante/?sle=Cotoneaster&art=integerrimus,https://bilder.norskflora.no/orig/mentzii287.jpg,FUNNET,
Einer,Juniperus communis,Sypressfamilien,Tre/busk,https://norskflora.no/plante/?sle=Juniperus&art=communis,https://bilder.norskflora.no/orig/mentzii497.jpg,FUNNET,
Engforglemmegei,Myosotis scorpioides,Rubladfamilien,Urt/staude,https://norskflora.no/plante/?sle=Myosotis&art=scorpioides,https://bilder.norskflora.no/orig/mentzi81.jpg,FUNNET,
Enghumleblom,Geum rivale,Rosefamilien,Urt/staude,https://norskflora.no/plante/?sle=Geum&art=rivale,https://bilder.norskflora.no/orig/mentzii304.jpg,FUNNET,
Engknoppurt,Centaurea jacea,Kurvplantefamilien,Urt/staude,https://norskflora.no/plante/?sle=Centaurea&art=jacea,https://bilder.norskflora.no/orig/floradanica_0519.jpg,FUNNET,
Engnellik,Dianthus deltoides,Nellikfamilien,Urt/staude,https://norskflora.no/plante/?sle=Dianthus&art=deltoides,https://bilder.norskflora.no/orig/floradanica_0577.jpg,FUNNET,
Engsmelle,Geranium pratense,Storkenebbfamilien,Urt/staude,https://norskflora.no/plante/?sle=Geranium&art=pratense,https://bilder.norskflora.no/kvadrat300px/floradanica_0218.jpg,FUNNET,
Engtjæreblom,Viscaria vulgaris,Nellikfamilien,Urt/staude,https://norskflora.no/plante/?sle=Viscaria&art=vulgaris,https://bilder.norskflora.no/orig/floradanica_1032.jpg,FUNNET,
Eplerose,Rosa rubiginosa,Rosefamilien,Tre/busk,https://norskflora.no/plante/?sle=Rosa&art=rubiginosa,https://bilder.norskflora.no/orig/mentzii292.jpg,FUNNET,
Fagerklokke,Campanula persicifolia,Klokkefamilien,Urt/staude,https://norskflora.no/plante/?sle=Campanula&art=persicifolia,https://bilder.norskflora.no/orig/mentziv561.jpg,FUNNET,
Fagerknoppurt,Centaurea scabiosa,Kurvplantefamilien,Urt/staude,https://norskflora.no/plante/?sle=Centaurea&art=scabiosa,https://bilder.norskflora.no/orig/mentzi8.jpg,FUNNET,
Fagerrogn,Hedlundia meinichii,Rosefamilien,Tre/busk,https://norskflora.no/plante/?sle=Hedlundia&art=meinichii,https://bilder.norskflora.no/orig/Klaus_Hoiland_2674.jpg,FUNNET,
Falkbregne,Polystichum aculeatum,Stortelgfamilien,Bregne,https://norskflora.no/plante/?sle=Polystichum&art=aculeatum,https://bilder.norskflora.no/orig/floradanica_2559.jpg,FUNNET,
Filtkongslys,Verbascum thapsus,Brunrotfamilien,Urt/staude,https://norskflora.no/plante/?sle=Verbascum&art=thapsus,https://bilder.norskflora.no/orig/mentzi111.jpg,FUNNET,
Finnmarkspors,Rhododendron tomentosum,Lyngfamilien,Lyngplante,https://norskflora.no/plante/?sle=Rhododendron&art=tomentosum,https://bilder.norskflora.no/orig/mentzi151.jpg,FUNNET,
Finnrose,Rosa acicularis,Rosefamilien,Tre/busk,https://norskflora.no/plante/?sle=Rosa&art=acicularis,https://bilder.norskflora.no/orig/floradanica_S0075.jpg,FUNNET,
Firkantperikum,Hypericum maculatum,Perikumfamilien,Urt/staude,https://norskflora.no/plante/?sle=Hypericum&art=maculatum,https://bilder.norskflora.no/orig/floradanica_2836.jpg,FUNNET,
Fjell-lok,Cystopteris montana,Storburknefamilien,Bregne,https://norskflora.no/plante/?sle=Cystopteris&art=montana,https://bilder.norskflora.no/orig/floradanica_2250.jpg,FUNNET,
Fjellflokk,Polemonium caeruleum,Fjellflokkfamilien,Urt/staude,https://norskflora.no/plante/?sle=Polemonium&art=caeruleum,https://bilder.norskflora.no/orig/mentzi107.jpg,FUNNET,
Fjellfrøstjerne,Thalictrum alpinum,Soleiefamilien,Urt/staude,https://norskflora.no/plante/?sle=Thalictrum&art=alpinum,https://bilder.norskflora.no/orig/floradanica_0011.jpg,FUNNET,
Fjellmarikåpe,Alchemilla alpina,Rosefamilien,Urt/staude,https://norskflora.no/plante/?sle=Alchemilla&art=alpina,https://bilder.norskflora.no/orig/sturm13_31.jpg,FUNNET,
Fjellnøkleblom,Primula scandinavica,Nøkleblomfamilien,Urt/staude,https://norskflora.no/plante/?sle=Primula&art=scandinavica,https://bilder.norskflora.no/orig/bostrom1.jpg,FUNNET,
Fjellskrinneblom,Arabis alpina,Korsblomstfamilien,Urt/staude,https://norskflora.no/plante/?sle=Arabis&art=alpina,https://bilder.norskflora.no/orig/mentzi195.jpg,FUNNET,
Fjellsmelle,Silene acaulis,Nellikfamilien,Urt/staude,https://norskflora.no/plante/?sle=Silene&art=acaulis,https://bilder.norskflora.no/orig/mentziv629.jpg,FUNNET,
Fjellvalmue,Papaver radicatum,Valmuefamilien,Urt/staude,https://norskflora.no/plante/?sle=Papaver&art=radicatum,https://bilder.norskflora.no/orig/floradanica_0041.jpg,FUNNET,
Fjærekoll,Armeria maritima,Hinnebegerfamilien,Urt/staude,https://norskflora.no/plante/?sle=Armeria&art=maritima,https://bilder.norskflora.no/orig/mentzi140.jpg,FUNNET,
Fjæresauløk,Triglochin maritima,Sauløkfamilien,Urt/staude,https://norskflora.no/plante/?sle=Triglochin&art=maritima,https://bilder.norskflora.no/orig/floradanica_0306.jpg,FUNNET,
Flaskestarr,Carex rostrata,Starrfamilien,Gressplante,https://norskflora.no/plante/?sle=Carex&art=rostrata,https://bilder.norskflora.no/orig/mentzii439.jpg,FUNNET,
Fredløs,Lysimachia vulgaris,Nøkleblomfamilien,Urt/staude,https://norskflora.no/plante/?sle=Lysimachia&art=vulgaris,https://bilder.norskflora.no/orig/mentzi132.jpg,FUNNET,
Froskebitt,Hydrocharis morsus-ranae,Froskebittfamilien,Urt/staude,https://norskflora.no/plante/?sle=Hydrocharis&art=morsus-ranae,https://bilder.norskflora.no/orig/mentzii480.jpg,FUNNET,
Fugletelg,Gymnocarpium dryopteris,Storburknefamilien,Bregne,https://norskflora.no/plante/?sle=Gymnocarpium&art=dryopteris,https://bilder.norskflora.no/orig/floradanica_1943.jpg,FUNNET,
Fuglevikke,Vicia cracca,Erteblomstfamilien,Urt/staude,https://norskflora.no/plante/?sle=Vicia&art=cracca,https://bilder.norskflora.no/orig/floradanica_0804.jpg,FUNNET,
Furu,Pinus sylvestris,Furufamilien,Tre/busk,https://norskflora.no/plante/?sle=Pinus&art=sylvestris,https://bilder.norskflora.no/orig/IMG_2095.jpg,FUNNET,
Furuvintergrønn,Pyrola chlorantha,Lyngfamilien,Lyngplante,https://norskflora.no/plante/?sle=Pyrola&art=chlorantha,https://bilder.norskflora.no/orig/floradanica_1693.jpg,FUNNET,
Geitskjegg,Tragopogon pratensis,Kurvplantefamilien,Urt/staude,https://norskflora.no/plante/?sle=Tragopogon&art=pratensis,https://bilder.norskflora.no/orig/mentzi39.jpg,FUNNET,
Geittelg,Dryopteris dilatata,Stortelgfamilien,Bregne,https://norskflora.no/plante/?sle=Dryopteris&art=dilatata,https://bilder.norskflora.no/orig/floradanica_0759.jpg,FUNNET,
Geitved,Rhamnus cathartica,Trollheggfamilien,Tre/busk,https://norskflora.no/plante/?sle=Rhamnus&art=cathartica,https://bilder.norskflora.no/orig/mentzi240.jpg,FUNNET,
Gjøksyre,Oxalis acetosella,Gjøkesyrefamilien,Urt/staude,https://norskflora.no/plante/?sle=Oxalis&art=acetosella,https://bilder.norskflora.no/orig/IMG_1615.jpg,FUNNET,
Gran,Picea abies,Furufamilien,Tre/busk,https://norskflora.no/plante/?sle=Picea&art=abies,https://bilder.norskflora.no/orig/mentzii495.jpg,FUNNET,
Gressløk,Allium schoenoprasum,Løkfamilien,Urt/staude,https://norskflora.no/plante/?sle=Allium&art=schoenoprasum,https://bilder.norskflora.no/orig/mentzii386.jpg,FUNNET,
Groblad,Plantago major,Maskeblomstfamilien,Urt/staude,https://norskflora.no/plante/?sle=Plantago&art=major,https://bilder.norskflora.no/orig/thome533.jpg,FUNNET,
Gråor,Alnus incana,Bjørkefamilien,Tre/busk,https://norskflora.no/plante/?sle=Alnus&art=incana,https://bilder.norskflora.no/orig/mentzii374.jpg,FUNNET,
Gråselje,Salix cinerea,Vierfamilien,Tre/busk,https://norskflora.no/plante/?sle=Salix&art=cinerea,https://bilder.norskflora.no/orig/mentzii378.jpg,FUNNET,
Grønnmynte,Mentha spicata,Leppeblomstfamilien,Urt/staude,https://norskflora.no/plante/?sle=Mentha&art=spicata,https://bilder.norskflora.no/orig/thome513.jpg,FUNNET,
Grønnvier,Salix phylicifolia,Vierfamilien,Tre/busk,https://norskflora.no/plante/?sle=Salix&art=phylicifolia,https://bilder.norskflora.no/orig/kops1438.jpg,FUNNET,
Gulgåseblom,Cota tinctoria,Kurvplantefamilien,Urt/staude,https://norskflora.no/plante/?sle=Cota&art=tinctoria,https://bilder.norskflora.no/orig/mentzi13.jpg,FUNNET,
Gulldusk,Lysimachia thyrsiflora,Nøkleblomfamilien,Urt/staude,https://norskflora.no/plante/?sle=Lysimachia&art=thyrsiflora,https://bilder.norskflora.no/orig/mentziv584.jpg,FUNNET,
Gullris,Solidago virgaurea,Kurvplantefamilien,Urt/staude,https://norskflora.no/plante/?sle=Solidago&art=virgaurea,https://bilder.norskflora.no/orig/mentzi32.jpg,FUNNET,
Gulmaure,Galium verum,Maurefamilien,Urt/staude,https://norskflora.no/plante/?sle=Galium&art=verum,https://bilder.norskflora.no/orig/mentzi70.jpg,FUNNET,
Gulstarr,Carex flava,Starrfamilien,Gressplante,https://norskflora.no/plante/?sle=Carex&art=flava,https://bilder.norskflora.no/orig/mentzii437.jpg,FUNNET,
Hagtorn,Crataegus monogyna,Rosefamilien,Tre/busk,https://norskflora.no/plante/?sle=Crataegus&art=monogyna,https://bilder.norskflora.no/orig/mentziv613.jpg,FUNNET,
Hanekam,Silene flos-cuculi,Nellikfamilien,Urt/staude,https://norskflora.no/plante/?sle=Silene&art=flos-cuculi,https://bilder.norskflora.no/orig/floradanica_0590.jpg,FUNNET,
Hassel,Corylus avellana,Bjørkefamilien,Tre/busk,https://norskflora.no/plante/?sle=Corylus&art=avellana,https://bilder.norskflora.no/orig/mentzii370.jpg,FUNNET,
Hegg,Prunus padus,Rosefamilien,Tre/busk,https://norskflora.no/plante/?sle=Prunus&art=padus,https://bilder.norskflora.no/orig/mentzii312.jpg,FUNNET,
Hengebjørk,Betula pendula,Bjørkefamilien,Tre/busk,https://norskflora.no/plante/?sle=Betula&art=pendula,https://bilder.norskflora.no/orig/mentzii371.jpg,FUNNET,
Hengeving,Phegopteris connectilis,Hengevingfamilien,Bregne,https://norskflora.no/plante/?sle=Phegopteris&art=connectilis,https://bilder.norskflora.no/orig/mentzii500.jpg,FUNNET,
Hestehov,Tussilago farfara,Kurvplantefamilien,Urt/staude,https://norskflora.no/plante/?sle=Tussilago&art=farfara,https://bilder.norskflora.no/orig/mentzi23.jpg,FUNNET,
Hjertegress,Briza media,Gressfamilien,Gressplante,https://norskflora.no/plante/?sle=Briza&art=media,https://bilder.norskflora.no/orig/mentzii449.jpg,FUNNET,
Hjortetrøst,Eupatorium cannabinum,Kurvplantefamilien,Urt/staude,https://norskflora.no/plante/?sle=Eupatorium&art=cannabinum,https://bilder.norskflora.no/orig/mentziv520.jpg,FUNNET,
Hjortetunge,Asplenium scolopendrium,Småburknefamilien,Bregne,https://norskflora.no/plante/?sle=Asplenium&art=scolopendrium,https://bilder.norskflora.no/orig/mentzii506.jpg,FUNNET,
Humle,Humulus lupulus,Hampefamilien,Urt/staude,https://norskflora.no/plante/?sle=Humulus&art=lupulus,https://bilder.norskflora.no/orig/mentzii365.jpg,FUNNET,
Hvitbergknapp,Sedum album,Bergknappfamilien,Urt/staude,https://norskflora.no/plante/?sle=Sedum&art=album,https://bilder.norskflora.no/orig/mentzii270.jpg,FUNNET,
Hvitkløver,Trifolium repens,Erteblomstfamilien,Urt/staude,https://norskflora.no/plante/?sle=Trifolium&art=repens,https://bilder.norskflora.no/orig/floradanica_0990.jpg,FUNNET,
Hvitmaure,Galium boreale,Maurefamilien,Urt/staude,https://norskflora.no/plante/?sle=Galium&art=boreale,https://bilder.norskflora.no/orig/mentzi69.jpg,FUNNET,
Hvitpestrot,Petasites albus,Kurvplantefamilien,Urt/staude,https://norskflora.no/plante/?sle=Petasites&art=albus,https://bilder.norskflora.no/orig/floradanica_0524.jpg,FUNNET,
Hvitvannlilje,Nymphaea alba,Vannliljefamilien,Urt/staude,https://norskflora.no/plante/?sle=Nymphaea&art=alba,https://bilder.norskflora.no/orig/mentzi181.jpg,FUNNET,
Hønsegress,Persicaria maculosa,Slireknefamilien,Urt/staude,https://norskflora.no/plante/?sle=Persicaria&art=maculosa,https://bilder.norskflora.no/orig/floradanica_0702.jpg,FUNNET,
Istervier,Salix pentandra,Vierfamilien,Tre/busk,https://norskflora.no/plante/?sle=Salix&art=pentandra,https://bilder.norskflora.no/orig/mentzii380.jpg,FUNNET,
Jonsokkoll,Ajuga pyramidalis,Leppeblomstfamilien,Urt/staude,https://norskflora.no/plante/?sle=Ajuga&art=pyramidalis,https://bilder.norskflora.no/orig/mentzi103.jpg,FUNNET,
Junkersildre,Saxifraga paniculata,Sildrefamilien,Urt/staude,https://norskflora.no/plante/?sle=Saxifraga&art=paniculata,https://bilder.norskflora.no/orig/floradanica_2352.jpg,FUNNET,
Kalmusrot,Acorus calamus,Kalmusrotfamilien,Urt/staude,https://norskflora.no/plante/?sle=Acorus&art=calamus,https://bilder.norskflora.no/orig/mentzii421.jpg,FUNNET,
Kanelrose,Rosa majalis,Rosefamilien,Tre/busk,https://norskflora.no/plante/?sle=Rosa&art=majalis,https://bilder.norskflora.no/orig/mentzii293.jpg,FUNNET,
Kantkonvall,Polygonatum odoratum,Aspargesfamilien,Urt/staude,https://norskflora.no/plante/?sle=Polygonatum&art=odoratum,https://bilder.norskflora.no/orig/mentzii391.jpg,FUNNET,
Karve,Carum carvi,Skjermplantefamilien,Urt/staude,https://norskflora.no/plante/?sle=Carum&art=carvi,https://bilder.norskflora.no/orig/mentzi261.jpg,FUNNET,
Kattefot,Antennaria dioica,Kurvplantefamilien,Urt/staude,https://norskflora.no/plante/?sle=Antennaria&art=dioica,https://bilder.norskflora.no/orig/mentzi28.jpg,FUNNET,
Kattehale,Lythrum salicaria,Kattehalefamilien,Urt/staude,https://norskflora.no/plante/?sle=Lythrum&art=salicaria,https://bilder.norskflora.no/orig/mentzii339.jpg,FUNNET,
Kjertelhønsegress,Persicaria lapathifolia,Slireknefamilien,Urt/staude,https://norskflora.no/plante/?sle=Persicaria&art=lapathifolia,https://bilder.norskflora.no/orig/floradanica_2648.jpg,FUNNET,
Klokkevintergrønn,Pyrola media,Lyngfamilien,Lyngplante,https://norskflora.no/plante/?sle=Pyrola&art=media,https://bilder.norskflora.no/orig/floradanica_0110.jpg,FUNNET,
Klåved,Myricaria germanica,Tamariskfamilien,Tre/busk,https://norskflora.no/plante/?sle=Myricaria&art=germanica,https://bilder.norskflora.no/orig/mentzi232.jpg,FUNNET,
Knollmjødurt,Filipendula vulgaris,Rosefamilien,Urt/staude,https://norskflora.no/plante/?sle=Filipendula&art=vulgaris,https://bilder.norskflora.no/orig/mentzii289.jpg,FUNNET,
Kongsbregne,Osmunda regalis,Kongsbregnefamilien,Bregne,https://norskflora.no/plante/?sle=Osmunda&art=regalis,https://bilder.norskflora.no/orig/mentzii509.jpg,FUNNET,
Korsknapp,Glechoma hederacea,Leppeblomstfamilien,Urt/staude,https://norskflora.no/plante/?sle=Glechoma&art=hederacea,https://bilder.norskflora.no/orig/mentzi93.jpg,FUNNET,
Korsved,Viburnum opulus,Moskusurtfamilien,Tre/busk,https://norskflora.no/plante/?sle=Viburnum&art=opulus,https://bilder.norskflora.no/orig/IMG_8876.jpg,FUNNET,
Kratthumleblom,Geum urbanum,Rosefamilien,Urt/staude,https://norskflora.no/plante/?sle=Geum&art=urbanum,https://bilder.norskflora.no/orig/mentzii303.jpg,FUNNET,
Krekling,Empetrum nigrum,Lyngfamilien,Lyngplante,https://norskflora.no/plante/?sle=Empetrum&art=nigrum,https://bilder.norskflora.no/orig/mentzi241.jpg,FUNNET,
Kristtorn,Ilex aquifolium,Kristtornfamilien,Tre/busk,https://norskflora.no/plante/?sle=Ilex&art=aquifolium,https://bilder.norskflora.no/orig/mentziv603.jpg,FUNNET,
Krypjonsokkoll,Ajuga reptans,Leppeblomstfamilien,Urt/staude,https://norskflora.no/plante/?sle=Ajuga&art=reptans,https://bilder.norskflora.no/orig/mentziv576.jpg,FUNNET,
Krypvier,Salix repens,Vierfamilien,Tre/busk,https://norskflora.no/plante/?sle=Salix&art=repens,https://bilder.norskflora.no/orig/floradanica_2489.jpg,FUNNET,
Kubjelle,Pulsatilla pratensis,Soleiefamilien,Urt/staude,https://norskflora.no/plante/?sle=Pulsatilla&art=pratensis,https://bilder.norskflora.no/orig/mentziv595.jpg,FUNNET,
Kusymre,Primula vulgaris,Nøkleblomfamilien,Urt/staude,https://norskflora.no/plante/?sle=Primula&art=vulgaris,https://bilder.norskflora.no/orig/mentziv582.jpg,FUNNET,
Kvann,Angelica archangelica,Skjermplantefamilien,Urt/staude,https://norskflora.no/plante/?sle=Angelica&art=archangelica,https://bilder.norskflora.no/orig/floradanica_2407.jpg,FUNNET,
Kvass-starr,Carex acuta,Starrfamilien,Gressplante,https://norskflora.no/plante/?sle=Carex&art=acuta,https://bilder.norskflora.no/orig/mentzii440.jpg,FUNNET,
Kvassdå,Galeopsis tetrahit,Leppeblomstfamilien,Urt/staude,https://norskflora.no/plante/?sle=Galeopsis&art=tetrahit,https://bilder.norskflora.no/orig/floradanica_1271.jpg,FUNNET,
Kystbjørnekjeks,Heracleum sphondylium,Skjermplantefamilien,Urt/staude,https://norskflora.no/plante/?sle=Heracleum&art=sphondylium,https://bilder.norskflora.no/orig/mentzi251.jpg,FUNNET,
Kystfrøstjerne,Thalictrum minus,Soleiefamilien,Urt/staude,https://norskflora.no/plante/?sle=Thalictrum&art=minus,https://bilder.norskflora.no/orig/floradanica_0732.jpg,FUNNET,
Lapprose,Rhododendron lapponicum,Lyngfamilien,Lyngplante,https://norskflora.no/plante/?sle=Rhododendron&art=lapponicum,https://bilder.norskflora.no/orig/mentzi150.jpg,FUNNET,
Lappvier,Salix lapponum,Vierfamilien,Tre/busk,https://norskflora.no/plante/?sle=Salix&art=lapponum,https://bilder.norskflora.no/orig/floradanica_1058.jpg,FUNNET,
Leddved,Lonicera xylosteum,Kaprifolfamilien,Tre/busk,https://norskflora.no/plante/?sle=Lonicera&art=xylosteum,https://bilder.norskflora.no/orig/mentzi65.jpg,FUNNET,
Legevendelrot,Valeriana officinalis,Kaprifolfamilien,Urt/staude,https://norskflora.no/plante/?sle=Valeriana&art=officinalis,https://bilder.norskflora.no/orig/mentzi60.jpg,FUNNET,
Legeveronika,Veronica officinalis,Maskeblomstfamilien,Urt/staude,https://norskflora.no/plante/?sle=Veronica&art=officinalis,https://bilder.norskflora.no/orig/floradanica_0248.jpg,FUNNET,
Lerkespore,Corydalis intermedia,Valmuefamilien,Urt/staude,https://norskflora.no/plante/?sle=Corydalis&art=intermedia,https://bilder.norskflora.no/orig/mentzi186.jpg,FUNNET,
Liguster,Ligustrum vulgare,Oliventrefamilien,Tre/busk,https://norskflora.no/plante/?sle=Ligustrum&art=vulgare,https://bilder.norskflora.no/orig/mentzi73.jpg,FUNNET,
Liljekonvall,Convallaria majalis,Aspargesfamilien,Urt/staude,https://norskflora.no/plante/?sle=Convallaria&art=majalis,https://bilder.norskflora.no/orig/IMG_4421.jpg,FUNNET,
Linnea,Linnaea borealis,Kaprifolfamilien,Urt/staude,https://norskflora.no/plante/?sle=Linnaea&art=borealis,https://bilder.norskflora.no/orig/mentzi67.jpg,FUNNET,
Lintorskemunn,Linaria vulgaris,Maskeblomstfamilien,Urt/staude,https://norskflora.no/plante/?sle=Linaria&art=vulgaris,https://bilder.norskflora.no/orig/floradanica_0982.jpg,FUNNET,
Lodneperikum,Hypericum hirsutum,Perikumfamilien,Urt/staude,https://norskflora.no/plante/?sle=Hypericum&art=hirsutum,https://bilder.norskflora.no/orig/floradanica_0802.jpg,FUNNET,
Løvetann,Taraxacum officinale,Kurvplantefamilien,Urt/staude,https://norskflora.no/plante/?sle=Taraxacum&art=officinale,https://bilder.norskflora.no/orig/IMG_6377.jpg,FUNNET,
Maigull,Chrysosplenium alternifolium,Sildrefamilien,Urt/staude,https://norskflora.no/plante/?sle=Chrysosplenium&art=alternifolium,https://bilder.norskflora.no/orig/mentzii277.jpg,FUNNET,
Malurt,Artemisia absinthium,Kurvplantefamilien,Urt/staude,https://norskflora.no/plante/?sle=Artemisia&art=absinthium,https://bilder.norskflora.no/orig/mentzi19.jpg,FUNNET,
Mandelpil,Salix triandra,Vierfamilien,Tre/busk,https://norskflora.no/plante/?sle=Salix&art=triandra,https://bilder.norskflora.no/orig/floradanica_2558.jpg,FUNNET,
Marehalm,Calamagrostis arenaria,Gressfamilien,Gressplante,https://norskflora.no/plante/?sle=Calamagrostis&art=arenaria,https://bilder.norskflora.no/orig/mentzii468.jpg,FUNNET,
Marianøkleblom,Primula veris,Nøkleblomfamilien,Urt/staude,https://norskflora.no/plante/?sle=Primula&art=veris,https://bilder.norskflora.no/orig/mentzi136.jpg,FUNNET,
Marigress,Anthoxanthum nitens,Gressfamilien,Gressplante,https://norskflora.no/plante/?sle=Anthoxanthum&art=nitens,https://bilder.norskflora.no/orig/mentzii475.jpg,FUNNET,
Marisko,Cypripedium calceolus,Orkidéfamilien,Urt/staude,https://norskflora.no/plante/?sle=Cypripedium&art=calceolus,https://bilder.norskflora.no/orig/mentzii419.jpg,FUNNET,
Markjordbær,Fragaria vesca,Rosefamilien,Urt/staude,https://norskflora.no/plante/?sle=Fragaria&art=vesca,https://bilder.norskflora.no/orig/floradanica_2235.jpg,FUNNET,
Marsfiol,Viola odorata,Fiolfamilien,Urt/staude,https://norskflora.no/plante/?sle=Viola&art=odorata,https://bilder.norskflora.no/orig/mentzi224.jpg,FUNNET,
Melbær,Arctostaphylos uva-ursi,Lyngfamilien,Lyngplante,https://norskflora.no/plante/?sle=Arctostaphylos&art=uva-ursi,https://bilder.norskflora.no/orig/mentzi145.jpg,FUNNET,
Misteltein,Viscum album,Mistelteinfamilien,Urt/staude,https://norskflora.no/plante/?sle=Viscum&art=album,https://bilder.norskflora.no/orig/mentzii363.jpg,FUNNET,
Mjødurt,Filipendula ulmaria,Rosefamilien,Urt/staude,https://norskflora.no/plante/?sle=Filipendula&art=ulmaria,https://bilder.norskflora.no/orig/mentzii288.jpg,FUNNET,
Mogop,Anemone vernalis,Soleiefamilien,Urt/staude,https://norskflora.no/plante/?sle=Anemone&art=vernalis,https://bilder.norskflora.no/orig/floradanica_0029.jpg,FUNNET,
Molte,Rubus chamaemorus,Rosefamilien,Urt/staude,https://norskflora.no/plante/?sle=Rubus&art=chamaemorus,https://bilder.norskflora.no/orig/mentzii311.jpg,FUNNET,
Mosesildre,Saxifraga hypnoides,Sildrefamilien,Urt/staude,https://norskflora.no/plante/?sle=Saxifraga&art=hypnoides,https://bilder.norskflora.no/orig/floradanica_0348.jpg,FUNNET,
Myrkongle,Calla palustris,Myrkonglefamilien,Urt/staude,https://norskflora.no/plante/?sle=Calla&art=palustris,https://bilder.norskflora.no/orig/mentzii420.jpg,FUNNET,
Myrsildre,Saxifraga hirculus,Sildrefamilien,Urt/staude,https://norskflora.no/plante/?sle=Saxifraga&art=hirculus,https://bilder.norskflora.no/orig/mentzii276.jpg,FUNNET,
Myrtevier,Salix myrsinites,Vierfamilien,Tre/busk,https://norskflora.no/plante/?sle=Salix&art=myrsinites,https://bilder.norskflora.no/orig/floradanica_1054.jpg,FUNNET,
Myske,Galium odoratum,Maurefamilien,Urt/staude,https://norskflora.no/plante/?sle=Galium&art=odoratum,https://bilder.norskflora.no/orig/IMG_2849a.jpg,FUNNET,
Mørkkongslys,Verbascum nigrum,Brunrotfamilien,Urt/staude,https://norskflora.no/plante/?sle=Verbascum&art=nigrum,https://bilder.norskflora.no/orig/floradanica_1088.jpg,FUNNET,
Nikkebrønsle,Bidens cernua,Kurvplantefamilien,Urt/staude,https://norskflora.no/plante/?sle=Bidens&art=cernua,https://bilder.norskflora.no/orig/floradanica_0841.jpg,FUNNET,
Norsktimian,Thymus praecox ssp britannicus,Leppeblomstfamilien,Urt/staude,https://norskflora.no/plante/?sle=Thymus&art=praecox,https://bilder.norskflora.no/orig/lythe1.jpg,FUNNET,
Nyserot,Veratrum album,Giftliljefamilien,Urt/staude,https://norskflora.no/plante/?sle=Veratrum&art=album,https://bilder.norskflora.no/orig/floradanica_1120.jpg,FUNNET,
Nyseryllik,Achillea ptarmica,Kurvplantefamilien,Urt/staude,https://norskflora.no/plante/?sle=Achillea&art=ptarmica,https://bilder.norskflora.no/orig/mentzi15.jpg,FUNNET,
Oksetunge,Anchusa officinalis,Rubladfamilien,Urt/staude,https://norskflora.no/plante/?sle=Anchusa&art=officinalis,https://bilder.norskflora.no/orig/mentzi83.jpg,FUNNET,
Olavsstake,Moneses uniflora,Lyngfamilien,Lyngplante,https://norskflora.no/plante/?sle=Moneses&art=uniflora,https://bilder.norskflora.no/orig/mentzi155.jpg,FUNNET,
Oregano,Origanum vulgare,Leppeblomstfamilien,Urt/staude,https://norskflora.no/plante/?sle=Origanum&art=vulgare,https://bilder.norskflora.no/orig/mentzi91.jpg,FUNNET,
Ormehode,Echium vulgare,Rubladfamilien,Urt/staude,https://norskflora.no/plante/?sle=Echium&art=vulgare,https://bilder.norskflora.no/orig/mentzi87.jpg,FUNNET,
Ormetelg,Dryopteris filix-mas,Stortelgfamilien,Bregne,https://norskflora.no/plante/?sle=Dryopteris&art=filix-mas,https://bilder.norskflora.no/orig/mentzii501.jpg,FUNNET,
Pilblad,Sagittaria sagittifolia,Vassgrofamilien,Urt/staude,https://norskflora.no/plante/?sle=Sagittaria&art=sagittifolia,https://bilder.norskflora.no/orig/mentzii485.jpg,FUNNET,
Polarvier,Salix polaris,Vierfamilien,Tre/busk,https://norskflora.no/plante/?sle=Salix&art=polaris,https://bilder.norskflora.no/orig/floradanica_S0110.jpg,FUNNET,
Pors,Myrica gale,Porsfamilien,Tre/busk,https://norskflora.no/plante/?sle=Myrica&art=gale,https://bilder.norskflora.no/orig/mentzii375.jpg,FUNNET,
Prestekrage,Leucanthemum vulgare,Kurvplantefamilien,Urt/staude,https://norskflora.no/plante/?sle=Leucanthemum&art=vulgare,https://bilder.norskflora.no/orig/mentzi10.jpg,FUNNET,
Prikkperikum,Hypericum perforatum,Perikumfamilien,Urt/staude,https://norskflora.no/plante/?sle=Hypericum&art=perforatum,https://bilder.norskflora.no/orig/floradanica_1043.jpg,FUNNET,
Ramsløk,Allium ursinum,Løkfamilien,Urt/staude,https://norskflora.no/plante/?sle=Allium&art=ursinum,https://bilder.norskflora.no/orig/mentzii387.jpg,FUNNET,
Rankpiggknopp,Sparganium emersum,Dunkjevlefamilien,Gressplante,https://norskflora.no/plante/?sle=Sparganium&art=emersum,https://bilder.norskflora.no/orig/floradanica_0932.jpg,FUNNET,
Reinfann,Tanacetum vulgare,Kurvplantefamilien,Urt/staude,https://norskflora.no/plante/?sle=Tanacetum&art=vulgare,https://bilder.norskflora.no/orig/IMG_1609.jpg,FUNNET,
Reinrose,Dryas octopetala,Rosefamilien,Urt/staude,https://norskflora.no/plante/?sle=Dryas&art=octopetala,https://bilder.norskflora.no/orig/mentzii305.jpg,FUNNET,
Revebjelle,Digitalis purpurea,Maskeblomstfamilien,Urt/staude,https://norskflora.no/plante/?sle=Digitalis&art=purpurea,https://bilder.norskflora.no/orig/mentziv566.jpg,FUNNET,
Rogn,Sorbus aucuparia,Rosefamilien,Tre/busk,https://norskflora.no/plante/?sle=Sorbus&art=aucuparia,https://bilder.norskflora.no/orig/IMG_1808.jpg,FUNNET,
Rognasal,Hedlundia hybrida,Rosefamilien,Tre/busk,https://norskflora.no/plante/?sle=Hedlundia&art=hybrida,https://bilder.norskflora.no/orig/floradanica_0301.jpg,FUNNET,
Rosenrot,Rhodiola rosea,Bergknappfamilien,Urt/staude,https://norskflora.no/plante/?sle=Rhodiola&art=rosea,https://bilder.norskflora.no/orig/IMG_4427.jpg,FUNNET,
Ryllik,Achillea millefolium,Kurvplantefamilien,Urt/staude,https://norskflora.no/plante/?sle=Achillea&art=millefolium,https://bilder.norskflora.no/orig/mentzi14.jpg,FUNNET,
Rynkevier,Salix reticulata,Vierfamilien,Tre/busk,https://norskflora.no/plante/?sle=Salix&art=reticulata,https://bilder.norskflora.no/orig/floradanica_0212.jpg,FUNNET,
Rødjonsokblom,Silene dioica,Nellikfamilien,Urt/staude,https://norskflora.no/plante/?sle=Silene&art=dioica,https://bilder.norskflora.no/orig/floradanica_2172.jpg,FUNNET,
Rødkløver,Trifolium pratense,Erteblomstfamilien,Urt/staude,https://norskflora.no/plante/?sle=Trifolium&art=pratense,https://bilder.norskflora.no/orig/floradanica_0989.jpg,FUNNET,
Rødknapp,Knautia arvensis,Kardeborrefamilien,Urt/staude,https://norskflora.no/plante/?sle=Knautia&art=arvensis,https://bilder.norskflora.no/orig/mentzi51.jpg,FUNNET,
Rødsildre,Saxifraga oppositifolia,Sildrefamilien,Urt/staude,https://norskflora.no/plante/?sle=Saxifraga&art=oppositifolia,https://bilder.norskflora.no/orig/mentziv610.jpg,FUNNET,
Røsslyng,Calluna vulgaris,Lyngfamilien,Lyngplante,https://norskflora.no/plante/?sle=Calluna&art=vulgaris,https://bilder.norskflora.no/orig/mentzi147.jpg,FUNNET,
Sauesvingel,Festuca ovina,Gressfamilien,Gressplante,https://norskflora.no/plante/?sle=Festuca&art=ovina,https://bilder.norskflora.no/orig/mentzii443.jpg,FUNNET,
Sauetelg,Dryopteris expansa,Stortelgfamilien,Bregne,https://norskflora.no/plante/?sle=Dryopteris&art=expansa,https://bilder.norskflora.no/orig/floradanica_3055.jpg,FUNNET,
Selje,Salix caprea,Vierfamilien,Tre/busk,https://norskflora.no/plante/?sle=Salix&art=caprea,https://bilder.norskflora.no/orig/mentzii377.jpg,FUNNET,
Sibirgran,Picea obovata,Furufamilien,Tre/busk,https://norskflora.no/plante/?sle=Picea&art=obovata,https://bilder.norskflora.no/orig/potapova1.jpg,FUNNET,
Sibirklematis,Clematis alpina ssp sibirica,Soleiefamilien,Tre/busk,https://norskflora.no/plante/?sle=Clematis&art=alpina&und=ssp+sibirica,https://bilder.norskflora.no/orig/iconesplantarum_clealp.jpg,FUNNET,
Sibirstjerne,Eurybia sibirica,Kurvplantefamilien,Urt/staude,https://norskflora.no/plante/?sle=Eurybia&art=sibirica,https://bilder.norskflora.no/orig/mentziv522.jpg,FUNNET,
Sikori,Cichorium intybus,Kurvplantefamilien,Urt/staude,https://norskflora.no/plante/?sle=Cichorium&art=intybus,https://bilder.norskflora.no/orig/mentzi49.jpg,FUNNET,
Silkenellik,Dianthus superbus,Nellikfamilien,Urt/staude,https://norskflora.no/plante/?sle=Dianthus&art=superbus,https://bilder.norskflora.no/orig/floradanica_0578.jpg,FUNNET,
Sisselrot,Polypodium vulgare,Sisselrotfamilien,Bregne,https://norskflora.no/plante/?sle=Polypodium&art=vulgare,https://bilder.norskflora.no/orig/mentzii499.jpg,FUNNET,
Skavsnelle,Equisetum hyemale,Snellefamilien,Bregne,https://norskflora.no/plante/?sle=Equisetum&art=hyemale,https://bilder.norskflora.no/orig/mentzii513.jpg,FUNNET,
Skjeggklokke,Campanula barbata,Klokkefamilien,Urt/staude,https://norskflora.no/plante/?sle=Campanula&art=barbata,https://bilder.norskflora.no/orig/floradanica_S0129.jpg,FUNNET,
Skjermsveve,Hieracium umbellatum,Kurvplantefamilien,Urt/staude,https://norskflora.no/plante/?sle=Hieracium&art=umbellatum,https://bilder.norskflora.no/orig/mentzi41.jpg,FUNNET,
Skjørbuksurt,Cochlearia officinalis,Korsblomstfamilien,Urt/staude,https://norskflora.no/plante/?sle=Cochlearia&art=officinalis,https://bilder.norskflora.no/orig/mentzi204.jpg,FUNNET,
Skogburkne,Athyrium filix-femina,Storburknefamilien,Bregne,https://norskflora.no/plante/?sle=Athyrium&art=filix-femina,https://bilder.norskflora.no/orig/floradanica_2436.jpg,FUNNET,
Skogfiol,Viola riviniana,Fiolfamilien,Urt/staude,https://norskflora.no/plante/?sle=Viola&art=riviniana,https://bilder.norskflora.no/orig/floradanica_1453.jpg,FUNNET,
Skogkløver,Trifolium medium,Erteblomstfamilien,Urt/staude,https://norskflora.no/plante/?sle=Trifolium&art=medium,https://bilder.norskflora.no/orig/floradanica_1273.jpg,FUNNET,
Skogkråkefot,Lycopodium complanatum,Kråkefotfamilien,Kråkefotplante,https://norskflora.no/plante/?sle=Lycopodium&art=complanatum,https://bilder.norskflora.no/orig/mentzii518.jpg,FUNNET,
Skogrørkvein,Calamagrostis purpurea,Gressfamilien,Gressplante,https://norskflora.no/plante/?sle=Calamagrostis&art=purpurea,https://bilder.norskflora.no/orig/floradanica_2524.jpg,FUNNET,
Skogsalat,Lactuca muralis,Kurvplantefamilien,Urt/staude,https://norskflora.no/plante/?sle=Lactuca&art=muralis,https://bilder.norskflora.no/orig/mentziv557.jpg,FUNNET,
Skogsivaks,Scirpus sylvaticus,Starrfamilien,Gressplante,https://norskflora.no/plante/?sle=Scirpus&art=sylvaticus,https://bilder.norskflora.no/orig/floradanica_0307.jpg,FUNNET,
Skogstorkenebb,Geranium sylvaticum,Storkenebbfamilien,Urt/staude,https://norskflora.no/plante/?sle=Geranium&art=sylvaticum,https://bilder.norskflora.no/orig/mentzi215.jpg,FUNNET,
Skogsvinerot,Stachys sylvatica,Leppeblomstfamilien,Urt/staude,https://norskflora.no/plante/?sle=Stachys&art=sylvatica,https://bilder.norskflora.no/orig/mentzi97.jpg,FUNNET,
Skrubbær,Cornus suecica,Kornellfamilien,Urt/staude,https://norskflora.no/plante/?sle=Cornus&art=suecica,https://bilder.norskflora.no/orig/mentzi248.jpg,FUNNET,
Skvallerkål,Aegopodium podagraria,Skjermplantefamilien,Urt/staude,https://norskflora.no/plante/?sle=Aegopodium&art=podagraria,https://bilder.norskflora.no/orig/mentzi262.jpg,FUNNET,
Slyngsøtvier,Solanum dulcamara,Søtvierfamilien,Tre/busk,https://norskflora.no/plante/?sle=Solanum&art=dulcamara,https://bilder.norskflora.no/orig/mentzi109.jpg,FUNNET,
Slåpetorn,Prunus spinosa,Rosefamilien,Tre/busk,https://norskflora.no/plante/?sle=Prunus&art=spinosa,https://bilder.norskflora.no/orig/mentzii313.jpg,FUNNET,
Sløke,Angelica sylvestris,Skjermplantefamilien,Urt/staude,https://norskflora.no/plante/?sle=Angelica&art=sylvestris,https://bilder.norskflora.no/orig/mentzi255.jpg,FUNNET,
Smalkjempe,Plantago lanceolata,Maskeblomstfamilien,Urt/staude,https://norskflora.no/plante/?sle=Plantago&art=lanceolata,https://bilder.norskflora.no/orig/mentzi127.jpg,FUNNET,
Smyle,Avenella flexuosa,Gressfamilien,Gressplante,https://norskflora.no/plante/?sle=Avenella&art=flexuosa,https://bilder.norskflora.no/orig/mentzii462.jpg,FUNNET,
Småbladlind,Tilia cordata,Kattostfamilien,Tre/busk,https://norskflora.no/plante/?sle=Tilia&art=cordata,https://bilder.norskflora.no/orig/mentzi233.jpg,FUNNET,
Smårørkvein,Achnatherum calamagrostis,Gressfamilien,Gressplante,https://norskflora.no/plante/?sle=Achnatherum&art=calamagrostis,https://bilder.norskflora.no/orig/mentzii467.jpg,FUNNET,
Småtranebær,Vaccinium microcarpum,Lyngfamilien,Lyngplante,https://norskflora.no/plante/?sle=Vaccinium&art=microcarpum,https://bilder.norskflora.no/orig/mentzi144.jpg,FUNNET,
Småvier,Salix arbuscula,Vierfamilien,Tre/busk,https://norskflora.no/plante/?sle=Salix&art=arbuscula,https://bilder.norskflora.no/orig/floradanica_2857.jpg,FUNNET,
Sneglebelg,Medicago lupulina,Erteblomstfamilien,Urt/staude,https://norskflora.no/plante/?sle=Medicago&art=lupulina,https://bilder.norskflora.no/orig/floradanica_0992.jpg,FUNNET,
Snerprørkvein,Calamagrostis arundinacea,Gressfamilien,Gressplante,https://norskflora.no/plante/?sle=Calamagrostis&art=arundinacea,https://bilder.norskflora.no/orig/floradanica_1683.jpg,FUNNET,
Solblom,Arnica montana,Kurvplantefamilien,Urt/staude,https://norskflora.no/plante/?sle=Arnica&art=montana,https://bilder.norskflora.no/orig/mentzi22.jpg,FUNNET,
Solrose,Helianthemum nummularium,Solrosefamilien,Urt/staude,https://norskflora.no/plante/?sle=Helianthemum&art=nummularium,https://bilder.norskflora.no/orig/mentzi229.jpg,FUNNET,
Sommereik,Quercus robur,Bøkefamilien,Tre/busk,https://norskflora.no/plante/?sle=Quercus&art=robur,https://bilder.norskflora.no/orig/mentzii368.jpg,FUNNET,
Spisslønn,Acer platanoides,Lønnefamilien,Tre/busk,https://norskflora.no/plante/?sle=Acer&art=platanoides,https://bilder.norskflora.no/orig/mentzi236.jpg,FUNNET,
Steinnype,Rosa canina,Rosefamilien,Tre/busk,https://norskflora.no/plante/?sle=Rosa&art=canina,https://bilder.norskflora.no/orig/floradanica_1695.jpg,FUNNET,
Stjernemarikåpe,Alchemilla vulgaris,Rosefamilien,Urt/staude,https://norskflora.no/plante/?sle=Alchemilla&art=vulgaris,https://bilder.norskflora.no/orig/mentzii297.jpg,FUNNET,
Storblåfjær,Polygala vulgaris,Blåfjærfamilien,Urt/staude,https://norskflora.no/plante/?sle=Polygala&art=vulgaris,https://bilder.norskflora.no/orig/mentzi222.jpg,FUNNET,
Storfrytle,Luzula sylvatica,Sivfamilien,Gressplante,https://norskflora.no/plante/?sle=Luzula&art=sylvatica,https://bilder.norskflora.no/orig/floradanica_0441.jpg,FUNNET,
Storklokke,Campanula latifolia,Klokkefamilien,Urt/staude,https://norskflora.no/plante/?sle=Campanula&art=latifolia,https://bilder.norskflora.no/orig/mentzi54.jpg,FUNNET,
Storkonvall,Polygonatum multiflorum,Aspargesfamilien,Urt/staude,https://norskflora.no/plante/?sle=Polygonatum&art=multiflorum,https://bilder.norskflora.no/orig/thome110.jpg,FUNNET,
Storveronika,Veronica longifolia,Maskeblomstfamilien,Urt/staude,https://norskflora.no/plante/?sle=Veronica&art=longifolia,https://bilder.norskflora.no/orig/floradanica_0374.jpg,FUNNET,
Strandkål,Crambe maritima,Korsblomstfamilien,Urt/staude,https://norskflora.no/plante/?sle=Crambe&art=maritima,https://bilder.norskflora.no/orig/mentzi201.jpg,FUNNET,
Strandrug,Leymus arenarius,Gressfamilien,Gressplante,https://norskflora.no/plante/?sle=Leymus&art=arenarius,https://bilder.norskflora.no/orig/mentzii477.jpg,FUNNET,
Strandrør,Phalaris arundinacea,Gressfamilien,Gressplante,https://norskflora.no/plante/?sle=Phalaris&art=arundinacea,https://bilder.norskflora.no/orig/mentzii473.jpg,FUNNET,
Strandstjerne,Tripolium pannonicum,Kurvplantefamilien,Urt/staude,https://norskflora.no/plante/?sle=Tripolium&art=pannonicum,https://bilder.norskflora.no/orig/mentzi33.jpg,FUNNET,
Strandtorn,Eryngium maritimum,Skjermplantefamilien,Urt/staude,https://norskflora.no/plante/?sle=Eryngium&art=maritimum,https://bilder.norskflora.no/orig/mentziv604.jpg,FUNNET,
Strandvindel,Calystegia sepium,Vindelfamilien,Urt/staude,https://norskflora.no/plante/?sle=Calystegia&art=sepium,https://bilder.norskflora.no/orig/mentzi105.jpg,FUNNET,
Strandvortemelk,Euphorbia palustris,Vortemelkfamilien,Urt/staude,https://norskflora.no/plante/?sle=Euphorbia&art=palustris,https://bilder.norskflora.no/orig/floradanica_0866.jpg,FUNNET,
Strikråkefot,Lycopodium annotinum,Kråkefotfamilien,Kråkefotplante,https://norskflora.no/plante/?sle=Lycopodium&art=annotinum,https://bilder.norskflora.no/orig/floradanica_0127.jpg,FUNNET,
Strutseving,Onoclea struthiopteris,Strutsevingfamilien,Bregne,https://norskflora.no/plante/?sle=Onoclea&art=struthiopteris,https://bilder.norskflora.no/orig/floradanica_0169.jpg,FUNNET,
Svartor,Alnus glutinosa,Bjørkefamilien,Tre/busk,https://norskflora.no/plante/?sle=Alnus&art=glutinosa,https://bilder.norskflora.no/orig/mentzii373.jpg,FUNNET,
Svartsøtvier,Solanum nigrum,Søtvierfamilien,Urt/staude,https://norskflora.no/plante/?sle=Solanum&art=nigrum,https://bilder.norskflora.no/orig/mentzi108.jpg,FUNNET,
Svartvier,Salix myrsinifolia,Vierfamilien,Tre/busk,https://norskflora.no/plante/?sle=Salix&art=myrsinifolia,https://bilder.norskflora.no/orig/floradanica_2553.jpg,FUNNET,
Svenskasal,Scandosorbus intermedia,Rosefamilien,Tre/busk,https://norskflora.no/plante/?sle=Scandosorbus&art=intermedia,https://bilder.norskflora.no/orig/IMG_6761.jpg,FUNNET,
Sverdlilje,Iris pseudacorus,Sverdliljefamilien,Urt/staude,https://norskflora.no/plante/?sle=Iris&art=pseudacorus,https://bilder.norskflora.no/orig/mentzii398.jpg,FUNNET,
Sølvasal,Aria edulis,Rosefamilien,Tre/busk,https://norskflora.no/plante/?sle=Aria&art=edulis,https://bilder.norskflora.no/orig/mentziv612.jpg,FUNNET,
Sølvbunke,Deschampsia cespitosa,Gressfamilien,Gressplante,https://norskflora.no/plante/?sle=Deschampsia&art=cespitosa,https://bilder.norskflora.no/orig/mentzii462.jpg,FUNNET,
Sølvvier,Salix glauca,Vierfamilien,Tre/busk,https://norskflora.no/plante/?sle=Salix&art=glauca,https://bilder.norskflora.no/orig/floradanica_2982.jpg,FUNNET,
Søterot,Gentiana purpurea,Søterotfamilien,Urt/staude,https://norskflora.no/plante/?sle=Gentiana&art=purpurea,https://bilder.norskflora.no/orig/floradanica_0050.jpg,FUNNET,
Søtkirsebær,Prunus avium,Rosefamilien,Tre/busk,https://norskflora.no/plante/?sle=Prunus&art=avium,https://bilder.norskflora.no/orig/mentzii314.jpg,FUNNET,
Takrør,Phragmites australis,Gressfamilien,Gressplante,https://norskflora.no/plante/?sle=Phragmites&art=australis,https://bilder.norskflora.no/orig/mentzii470.jpg,FUNNET,
Teiebær,Rubus saxatilis,Rosefamilien,Urt/staude,https://norskflora.no/plante/?sle=Rubus&art=saxatilis,https://bilder.norskflora.no/orig/mentzii309.jpg,FUNNET,
Tepperot,Potentilla erecta,Rosefamilien,Urt/staude,https://norskflora.no/plante/?sle=Potentilla&art=erecta,https://bilder.norskflora.no/orig/mentzii300.jpg,FUNNET,
Tindved,Hippophae rhamnoides,Sølvbuskfamilien,Tre/busk,https://norskflora.no/plante/?sle=Hippophae&art=rhamnoides,https://bilder.norskflora.no/orig/IMG_2007.jpg,FUNNET,
Tiriltunge,Lotus corniculatus,Erteblomstfamilien,Urt/staude,https://norskflora.no/plante/?sle=Lotus&art=corniculatus,https://bilder.norskflora.no/orig/IMG_4427.jpg,FUNNET,
Trollbær,Actaea spicata,Soleiefamilien,Urt/staude,https://norskflora.no/plante/?sle=Actaea&art=spicata,https://bilder.norskflora.no/orig/mentzi179.jpg,FUNNET,
Trollhegg,Frangula alnus,Trollheggfamilien,Tre/busk,https://norskflora.no/plante/?sle=Frangula&art=alnus,https://bilder.norskflora.no/orig/mentzi239.jpg,FUNNET,
Trollnyperose,Rosa spinosissima,Rosefamilien,Tre/busk,https://norskflora.no/plante/?sle=Rosa&art=spinosissima,https://bilder.norskflora.no/orig/mentzii294.jpg,FUNNET,
Tundraarve,Cerastium arcticum,Nellikfamilien,Urt/staude,https://norskflora.no/plante/?sle=Cerastium&art=arcticum,https://bilder.norskflora.no/orig/floradanica_2963.jpg,FUNNET,
Turt,Cicerbita alpina,Kurvplantefamilien,Urt/staude,https://norskflora.no/plante/?sle=Cicerbita&art=alpina,https://bilder.norskflora.no/orig/mentzi47.jpg,FUNNET,
Tusenfryd,Bellis perennis,Kurvplantefamilien,Urt/staude,https://norskflora.no/plante/?sle=Bellis&art=perennis,https://bilder.norskflora.no/orig/mentzi35.jpg,FUNNET,
Tveskjeggveronika,Veronica chamaedrys,Maskeblomstfamilien,Urt/staude,https://norskflora.no/plante/?sle=Veronica&art=chamaedrys,https://bilder.norskflora.no/orig/floradanica_0448.jpg,FUNNET,
Tysbast,Daphne mezereum,Tysbastfamilien,Tre/busk,https://norskflora.no/plante/?sle=Daphne&art=mezereum,https://bilder.norskflora.no/orig/IMG_1901.jpg,FUNNET,
Tyttebær,Vaccinium vitis-idaea,Lyngfamilien,Lyngplante,https://norskflora.no/plante/?sle=Vaccinium&art=vitis-idaea,https://bilder.norskflora.no/orig/mentzi143.jpg,FUNNET,
Ugressklokke,Campanula rapunculoides,Klokkefamilien,Urt/staude,https://norskflora.no/plante/?sle=Campanula&art=rapunculoides,https://bilder.norskflora.no/orig/mentzi55.jpg,FUNNET,
Ullvier,Salix lanata,Vierfamilien,Tre/busk,https://norskflora.no/plante/?sle=Salix&art=lanata,https://bilder.norskflora.no/orig/floradanica_1057.jpg,FUNNET,
Vadderot,Phyteuma spicatum,Klokkefamilien,Urt/staude,https://norskflora.no/plante/?sle=Phyteuma&art=spicatum,https://bilder.norskflora.no/orig/mentziv565.jpg,FUNNET,
Vassgro,Alisma plantago-aquatica,Vassgrofamilien,Urt/staude,https://norskflora.no/plante/?sle=Alisma&art=plantago-aquatica,https://bilder.norskflora.no/orig/mentzii484.jpg,FUNNET,
Vasslirekne,Persicaria amphibia,Slireknefamilien,Urt/staude,https://norskflora.no/plante/?sle=Persicaria&art=amphibia,https://bilder.norskflora.no/orig/floradanica_0282.jpg,FUNNET,
Villkornell,Cornus sanguinea,Kornellfamilien,Tre/busk,https://norskflora.no/plante/?sle=Cornus&art=sanguinea,https://bilder.norskflora.no/orig/mentzi247.jpg,FUNNET,
Vintereik,Quercus petraea,Bøkefamilien,Tre/busk,https://norskflora.no/plante/?sle=Quercus&art=petraea,https://bilder.norskflora.no/orig/floradanica_2667.jpg,FUNNET,
Vivendel,Lonicera periclymenum,Kaprifolfamilien,Tre/busk,https://norskflora.no/plante/?sle=Lonicera&art=periclymenum,https://bilder.norskflora.no/orig/mentzi66.jpg,FUNNET,
Vårerteknapp,Lathyrus vernus,Erteblomstfamilien,Urt/staude,https://norskflora.no/plante/?sle=Lathyrus&art=vernus,https://bilder.norskflora.no/orig/mentzii315.jpg,FUNNET,
Åkerbær,Rubus arcticus,Rosefamilien,Urt/staude,https://norskflora.no/plante/?sle=Rubus&art=arcticus,https://bilder.norskflora.no/orig/mentzii310.jpg,FUNNET,
Åkersvineblom,Senecio vulgaris,Kurvplantefamilien,Urt/staude,https://norskflora.no/plante/?sle=Senecio&art=vulgaris,https://bilder.norskflora.no/orig/mentzi21.jpg,FUNNET,
Ørevier,Salix aurita,Vierfamilien,Tre/busk,https://norskflora.no/plante/?sle=Salix&art=aurita,https://bilder.norskflora.no/orig/floradanica_2600.jpg,FUNNET,
