norsk_navn,latinsk_navn,familie,type,norskflora_url,wikipedia_url,wikipedia_image_url,wikipedia_image_file,wikipedia_status
Aksveronika,Veronica spicata,Maskeblomstfamilien,Urt/staude,https://norskflora.no/plante/?sle=Veronica&art=spicata,https://en.wikipedia.org/wiki/Veronica_spicata,https://upload.wikimedia.org/wikipedia/commons/b/bb/Bombus_norvegicus_-_Veronica_spicata_-_Keila.jpg,,FUNNET
Alm,Ulmus glabra,Almefamilien,Tre/busk,https://norskflora.no/plante/?sle=Ulmus&art=glabra,https://en.wikipedia.org/wiki/Ulmus_glabra,https://upload.wikimedia.org/wikipedia/commons/e/e4/RN_Ulmus_glabra_%28alnarp_sweden%29.jpg,,FUNNET
Alperips,Ribes alpinum,Ripsfamilien,Tre/busk,https://norskflora.no/plante/?sle=Ribes&art=alpinum,https://en.wikipedia.org/wiki/Ribes_alpinum,https://upload.wikimedia.org/wikipedia/commons/d/d5/Ribes_alpinum_-_berries_%28aka%29.jpg,,FUNNET
Ask,Fraxinus excelsior,Oliventrefamilien,Tre/busk,https://norskflora.no/plante/?sle=Fraxinus&art=excelsior,https://en.wikipedia.org/wiki/Fraxinus_excelsior,https://upload.wikimedia.org/wikipedia/commons/4/4f/Fraxinus_excelsior.jpg,,FUNNET
Bakketimian,Thymus pulegioides,Leppeblomstfamilien,Urt/staude,https://norskflora.no/plante/?sle=Thymus&art=pulegioides,https://en.wikipedia.org/wiki/Thymus_pulegioides,https://upload.wikimedia.org/wikipedia/commons/8/8c/Breitbl%C3%A4ttrige_Thymian_%28Thymus_pulegioides%29-1.jpg,,FUNNET
Ballblom,Trollius europaeus,Soleiefamilien,Urt/staude,https://norskflora.no/plante/?sle=Trollius&art=europaeus,https://en.wikipedia.org/wiki/Trollius,https://upload.wikimedia.org/wikipedia/commons/d/d4/Trollius_europaeus_020503.jpg,,FUNNET
Barlind,Taxus baccata,Barlindfamilien,Tre/busk,https://norskflora.no/plante/?sle=Taxus&art=baccata,https://en.wikipedia.org/wiki/Taxus_baccata,https://upload.wikimedia.org/wikipedia/commons/3/31/Taxus_baccata_MHNT.jpg,,FUNNET
Bekkeblom,Caltha palustris,Soleiefamilien,Urt/staude,https://norskflora.no/plante/?sle=Caltha&art=palustris,https://en.wikipedia.org/wiki/Caltha_palustris,https://upload.wikimedia.org/wikipedia/commons/5/5d/Caltha_palustris_plant.JPG,,FUNNET
Bendelløk,Allium scorodoprasum,Løkfamilien,Urt/staude,https://norskflora.no/plante/?sle=Allium&art=scorodoprasum,https://en.wikipedia.org/wiki/Allium_scorodoprasum,https://upload.wikimedia.org/wikipedia/commons/9/94/Illustration_Allium_scorodoprasum_and_Allium_porrum0.jpg,,FUNNET
Bergasal,Aria rupicola,Rosefamilien,Tre/busk,https://norskflora.no/plante/?sle=Aria&art=rupicola,https://en.wikipedia.org/wiki/Aria_rupicola,https://upload.wikimedia.org/wikipedia/commons/4/48/Sorbus_rupicola.JPG,,FUNNET
Bergflette,Hedera helix,Bergflettefamilien,Tre/busk,https://norskflora.no/plante/?sle=Hedera&art=helix,https://en.wikipedia.org/wiki/Hedera_helix,https://upload.wikimedia.org/wikipedia/commons/5/5a/Hedera_helix_Dover.jpg,,FUNNET
Bergfrue,Saxifraga cotyledon,Sildrefamilien,Urt/staude,https://norskflora.no/plante/?sle=Saxifraga&art=cotyledon,https://en.wikipedia.org/wiki/Saxifraga_cotyledon,https://upload.wikimedia.org/wikipedia/commons/f/f5/Bergfrue%2C_Chondrosea_cotyledon.jpg,,FUNNET
Bergrørkvein,Calamagrostis epigejos,Gressfamilien,Gressplante,https://norskflora.no/plante/?sle=Calamagrostis&art=epigejos,https://en.wikipedia.org/wiki/Calamagrostis_epigejos,https://upload.wikimedia.org/wikipedia/commons/3/3b/CalamagrostisEpigejos.jpg,,FUNNET
Bergsvineblom,Senecio sylvaticus,Kurvplantefamilien,Urt/staude,https://norskflora.no/plante/?sle=Senecio&art=sylvaticus,https://en.wikipedia.org/wiki/Senecio_sylvaticus,https://upload.wikimedia.org/wikipedia/commons/3/36/Starr_060929-0680_Senecio_sylvaticus.jpg,,FUNNET
Bitterbergknapp,Sedum acre,Bergknappfamilien,Urt/staude,https://norskflora.no/plante/?sle=Sedum&art=acre,https://en.wikipedia.org/wiki/Sedum_acre,https://upload.wikimedia.org/wikipedia/commons/1/1c/Sedum_acre_single_-_Niitv%C3%A4lja.jpg,,FUNNET
Bjørk,Betula pubescens,Bjørkefamilien,Tre/busk,https://norskflora.no/plante/?sle=Betula&art=pubescens,https://en.wikipedia.org/wiki/Betula_pubescens,https://upload.wikimedia.org/wikipedia/commons/7/71/Betula_pubescens_-_Burgwald_002.jpg,,FUNNET
Bjørnebær,Rubus fruticosus,Rosefamilien,Tre/busk,https://norskflora.no/plante/?sle=Rubus&art=fruticosus,https://en.wikipedia.org/wiki/Rubus_fruticosus,https://upload.wikimedia.org/wikipedia/commons/6/63/Blackberry_%28Rubus_fruticosus%29.jpg,,FUNNET
Bjørnekam,Blechnum spicant,Bjørnekamfamilien,Bregne,https://norskflora.no/plante/?sle=Blechnum&art=spicant,https://en.wikipedia.org/wiki/Struthiopteris_spicant,https://upload.wikimedia.org/wikipedia/commons/1/1e/Blechnum_spicant_%28fertile_and_sterile_fronts%29.jpg,,FUNNET
Bleiksøte,Gentianella aurea,Søterotfamilien,Urt/staude,https://norskflora.no/plante/?sle=Gentianella&art=aurea,https://en.wikipedia.org/wiki/Gentianella_aurea,https://upload.wikimedia.org/wikipedia/commons/thumb/6/66/Gentianella_aurea%2C_9982_Kongsfjord%2C_Norv%C3%A8ge_iNaturalist.jpg/500px-Gentianella_aurea%2C_9982_Kongsfjord%2C_Norv%C3%A8ge_iNaturalist.jpg,,FUNNET
Bleikvier,Salix hastata,Vierfamilien,Tre/busk,https://norskflora.no/plante/?sle=Salix&art=hastata,https://en.wikipedia.org/wiki/Salix_hastata,https://upload.wikimedia.org/wikipedia/commons/d/db/Spie%C3%9F-Weide_%28Salix_hastata%29.jpg,,FUNNET
Blodstorkenebb,Geranium sanguineum,Storkenebbfamilien,Urt/staude,https://norskflora.no/plante/?sle=Geranium&art=sanguineum,https://en.wikipedia.org/wiki/Geranium_sanguineum,https://upload.wikimedia.org/wikipedia/commons/8/8c/2012-07-03_Bloody_Crane%27s-bill%2C_Hauxley%2C_Northumberland_1.jpg,,FUNNET
Blodtopp,Sanguisorba officinalis,Rosefamilien,Urt/staude,https://norskflora.no/plante/?sle=Sanguisorba&art=officinalis,https://en.wikipedia.org/wiki/Sanguisorba_officinalis,https://upload.wikimedia.org/wikipedia/commons/b/ba/Sanguisorba_officinalis.jpg,,FUNNET
Blokkebær,Vaccinium uliginosum,Lyngfamilien,Lyngplante,https://norskflora.no/plante/?sle=Vaccinium&art=uliginosum,https://en.wikipedia.org/wiki/Vaccinium_uliginosum,https://upload.wikimedia.org/wikipedia/commons/c/cb/Vaccinium_uliginosum_fruit.jpg,,FUNNET
Blåbringebær,Rubus caesius,Rosefamilien,Tre/busk,https://norskflora.no/plante/?sle=Rubus&art=caesius,https://en.wikipedia.org/wiki/Rubus_caesius,https://upload.wikimedia.org/wikipedia/commons/9/90/P%C3%B5ldmuraka_%C3%B5is_Rubus_caesius.jpg,,FUNNET
Blåbær,Vaccinium myrtillus,Lyngfamilien,Lyngplante,https://norskflora.no/plante/?sle=Vaccinium&art=myrtillus,https://en.wikipedia.org/wiki/Vaccinium_myrtillus,https://upload.wikimedia.org/wikipedia/commons/5/5c/203_Vaccinum_myrtillus_L.jpg,,FUNNET
Blåklokke,Campanula rotundifolia,Klokkefamilien,Urt/staude,https://norskflora.no/plante/?sle=Campanula&art=rotundifolia,https://en.wikipedia.org/wiki/Campanula_rotundifolia,https://upload.wikimedia.org/wikipedia/commons/4/4b/Campanula_rotondifolia.jpg,,FUNNET
Blåknapp,Succisa pratensis,Kardeborrefamilien,Urt/staude,https://norskflora.no/plante/?sle=Succisa&art=pratensis,https://en.wikipedia.org/wiki/Succisa_pratensis,https://upload.wikimedia.org/wikipedia/commons/e/ed/SuccisaPratensis2.jpg,,FUNNET
Blåkoll,Prunella vulgaris,Leppeblomstfamilien,Urt/staude,https://norskflora.no/plante/?sle=Prunella&art=vulgaris,https://en.wikipedia.org/wiki/Prunella_vulgaris,https://upload.wikimedia.org/wikipedia/commons/c/cb/Prunella_vulgaris_-_harilik_k%C3%A4bihein.jpg,,FUNNET
Blålyng,Phyllodoce caerulea,Lyngfamilien,Lyngplante,https://norskflora.no/plante/?sle=Phyllodoce&art=caerulea,https://en.wikipedia.org/wiki/Phyllodoce_caerulea,https://upload.wikimedia.org/wikipedia/commons/6/64/Phyllodoce_caerulea_LC0329.jpg,,FUNNET
Blåtopp,Molinia caerulea,Gressfamilien,Gressplante,https://norskflora.no/plante/?sle=Molinia&art=caerulea,https://en.wikipedia.org/wiki/Molinia_caerulea,https://upload.wikimedia.org/wikipedia/commons/e/e5/Molinia.jpg,,FUNNET
Blåveis,Hepatica nobilis,Soleiefamilien,Urt/staude,https://norskflora.no/plante/?sle=Hepatica&art=nobilis,https://en.wikipedia.org/wiki/Anemone_hepatica,https://upload.wikimedia.org/wikipedia/commons/9/9b/Hepatica_nobilis_plant.JPG,,FUNNET
Bondekål,Brassica rapa,Korsblomstfamilien,Urt/staude,https://norskflora.no/plante/?sle=Brassica&art=rapa,https://en.wikipedia.org/wiki/Brassica_rapa,https://upload.wikimedia.org/wikipedia/commons/d/d9/Brassica_rapa_plant.jpg,,FUNNET
Breddunkjevle,Typha latifolia,Dunkjevlefamilien,Gressplante,https://norskflora.no/plante/?sle=Typha&art=latifolia,https://en.wikipedia.org/wiki/Typha_latifolia,https://upload.wikimedia.org/wikipedia/commons/4/4c/Bulrush_%28Typha_latifolia%29_%288139113636%29.jpg,,FUNNET
Bringebær,Rubus idaeus,Rosefamilien,Tre/busk,https://norskflora.no/plante/?sle=Rubus&art=idaeus,https://en.wikipedia.org/wiki/Rubus_idaeus,https://upload.wikimedia.org/wikipedia/commons/4/4b/Fert%C5%91di_k%C3%A1rmin_m%C3%A1lna.JPG,,FUNNET
Broddtelg,Dryopteris carthusiana,Stortelgfamilien,Bregne,https://norskflora.no/plante/?sle=Dryopteris&art=carthusiana,https://en.wikipedia.org/wiki/Dryopteris_carthusiana,https://upload.wikimedia.org/wikipedia/commons/f/f7/Dryopteris_carthusiana1.jpg,,FUNNET
Brudelys,Butomus umbellatus,Brudelysfamilien,Urt/staude,https://norskflora.no/plante/?sle=Butomus&art=umbellatus,https://en.wikipedia.org/wiki/Butomus_umbellatus,https://upload.wikimedia.org/wikipedia/commons/3/3f/Butomus_umbellatus_-_harilik_luigelill_Keilas.jpg,,FUNNET
Bukkebeinurt,Ononis arvensis,Erteblomstfamilien,Urt/staude,https://norskflora.no/plante/?sle=Ononis&art=arvensis,https://en.wikipedia.org/wiki/Ononis,https://upload.wikimedia.org/wikipedia/commons/a/af/Ononis_spinosa_-_K%C3%B6hler%E2%80%93s_Medizinal-Pflanzen-230.jpg,,FUNNET
Bukkeblad,Menyanthes trifoliata,Bukkebladfamilien,Urt/staude,https://norskflora.no/plante/?sle=Menyanthes&art=trifoliata,https://en.wikipedia.org/wiki/Menyanthes,https://upload.wikimedia.org/wikipedia/commons/c/cc/Menyanthes_trifoliata_Bukkeblad.JPG,,FUNNET
Bulmeurt,Hyoscyamus niger,Søtvierfamilien,Urt/staude,https://norskflora.no/plante/?sle=Hyoscyamus&art=niger,https://en.wikipedia.org/wiki/Hyoscyamus_niger,https://upload.wikimedia.org/wikipedia/commons/4/4f/Hyoscyamus_niger_-_K%C3%B6hler%E2%80%93s_Medizinal-Pflanzen-073.jpg,,FUNNET
Burot,Artemisia vulgaris,Kurvplantefamilien,Urt/staude,https://norskflora.no/plante/?sle=Artemisia&art=vulgaris,https://en.wikipedia.org/wiki/Artemisia_vulgaris,https://upload.wikimedia.org/wikipedia/commons/6/6f/ArtemisiaVulgaris.jpg,,FUNNET
Bustnype,Rosa mollis,Rosefamilien,Tre/busk,https://norskflora.no/plante/?sle=Rosa&art=mollis,https://en.wikipedia.org/wiki/Rosa_mollis,https://upload.wikimedia.org/wikipedia/commons/4/48/Rosa_pomifera_-_wolley_dod%27s_apple_rose_-_desc-open_flower.jpg,,FUNNET
Bøk,Fagus sylvatica,Bøkefamilien,Tre/busk,https://norskflora.no/plante/?sle=Fagus&art=sylvatica,https://en.wikipedia.org/wiki/Fagus_sylvatica,https://upload.wikimedia.org/wikipedia/commons/e/e4/Fagus-sylvatica-cansiglio-forest-italy.jpg,,FUNNET
Dikesoldogg,Drosera intermedia,Soldoggfamilien,Urt/staude,https://norskflora.no/plante/?sle=Drosera&art=intermedia,https://en.wikipedia.org/wiki/Drosera_intermedia,https://upload.wikimedia.org/wikipedia/commons/d/d5/Drosera_intermedia_ne1.jpg,,FUNNET
Doggpil,Salix daphnoides,Vierfamilien,Tre/busk,https://norskflora.no/plante/?sle=Salix&art=daphnoides,https://en.wikipedia.org/wiki/Salix_daphnoides,https://upload.wikimedia.org/wikipedia/commons/8/82/Salix_daphnoides_Bra62.png,,FUNNET
Dragehode,Dracocephalum ruyschiana,Leppeblomstfamilien,Urt/staude,https://norskflora.no/plante/?sle=Dracocephalum&art=ruyschiana,https://en.wikipedia.org/wiki/Dracocephalum,https://upload.wikimedia.org/wikipedia/commons/9/90/Dracocephalum_ruyschiana_1.jpg,,FUNNET
Dunkjempe,Plantago media,Maskeblomstfamilien,Urt/staude,https://norskflora.no/plante/?sle=Plantago&art=media,https://en.wikipedia.org/wiki/Plantago_media,https://upload.wikimedia.org/wikipedia/commons/2/21/Plantago-media.JPG,,FUNNET
Dvergbjørk,Betula nana,Bjørkefamilien,Tre/busk,https://norskflora.no/plante/?sle=Betula&art=nana,https://en.wikipedia.org/wiki/Betula_nana,https://upload.wikimedia.org/wikipedia/commons/6/61/Betula_nana0.jpg,,FUNNET
Dvergmispel,Cotoneaster integerrimus,Rosefamilien,Tre/busk,https://norskflora.no/plante/?sle=Cotoneaster&art=integerrimus,https://en.wikipedia.org/wiki/Cotoneaster,https://upload.wikimedia.org/wikipedia/commons/8/8d/Cotoneaster_frigidus.jpg,,FUNNET
Einer,Juniperus communis,Sypressfamilien,Tre/busk,https://norskflora.no/plante/?sle=Juniperus&art=communis,https://en.wikipedia.org/wiki/Juniperus_communis,https://upload.wikimedia.org/wikipedia/commons/a/a1/Jeneverbes.jpg,,FUNNET
Engforglemmegei,Myosotis scorpioides,Rubladfamilien,Urt/staude,https://norskflora.no/plante/?sle=Myosotis&art=scorpioides,https://en.wikipedia.org/wiki/Myosotis_scorpioides,https://upload.wikimedia.org/wikipedia/commons/b/b0/Myosotis_scorpioides_-_Niitv%C3%A4lja_bog.jpg,,FUNNET
Enghumleblom,Geum rivale,Rosefamilien,Urt/staude,https://norskflora.no/plante/?sle=Geum&art=rivale,https://en.wikipedia.org/wiki/Geum_rivale,https://upload.wikimedia.org/wikipedia/commons/2/20/Geum_rivale_flower_-_Keila.jpg,,FUNNET
Engknoppurt,Centaurea jacea,Kurvplantefamilien,Urt/staude,https://norskflora.no/plante/?sle=Centaurea&art=jacea,https://en.wikipedia.org/wiki/Centaurea_jacea,https://upload.wikimedia.org/wikipedia/commons/0/06/Centaurea_jacea_01.JPG,,FUNNET
Engnellik,Dianthus deltoides,Nellikfamilien,Urt/staude,https://norskflora.no/plante/?sle=Dianthus&art=deltoides,https://en.wikipedia.org/wiki/Dianthus_deltoides,https://upload.wikimedia.org/wikipedia/commons/c/c7/0_Dianthus_deltoides_alpinus_-_Yvoire.JPG,,FUNNET
Engsmelle,Geranium pratense,Storkenebbfamilien,Urt/staude,https://norskflora.no/plante/?sle=Geranium&art=pratense,https://en.wikipedia.org/wiki/Geranium_pratense,https://upload.wikimedia.org/wikipedia/commons/6/60/Meadow_Cranesbill.jpg,,FUNNET
Engtjæreblom,Viscaria vulgaris,Nellikfamilien,Urt/staude,https://norskflora.no/plante/?sle=Viscaria&art=vulgaris,https://en.wikipedia.org/wiki/Viscaria_vulgaris,https://upload.wikimedia.org/wikipedia/commons/5/58/Lychnis_viscaria1.jpg,,FUNNET
Eplerose,Rosa rubiginosa,Rosefamilien,Tre/busk,https://norskflora.no/plante/?sle=Rosa&art=rubiginosa,https://en.wikipedia.org/wiki/Rosa_rubiginosa,https://upload.wikimedia.org/wikipedia/commons/4/42/Wild_Rosa_rubiginosa.jpg,,FUNNET
Fagerklokke,Campanula persicifolia,Klokkefamilien,Urt/staude,https://norskflora.no/plante/?sle=Campanula&art=persicifolia,https://en.wikipedia.org/wiki/Campanula_persicifolia,https://upload.wikimedia.org/wikipedia/commons/d/d2/Stor_bl%C3%A5klocka.Campanula_persicifolia.jpg,,FUNNET
Fagerknoppurt,Centaurea scabiosa,Kurvplantefamilien,Urt/staude,https://norskflora.no/plante/?sle=Centaurea&art=scabiosa,https://en.wikipedia.org/wiki/Centaurea_scabiosa,https://upload.wikimedia.org/wikipedia/commons/f/f2/Centaurea_scabiosa.jpg,,FUNNET
Fagerrogn,Hedlundia meinichii,Rosefamilien,Tre/busk,https://norskflora.no/plante/?sle=Hedlundia&art=meinichii,https://en.wikipedia.org/wiki/Hedlundia_hybrida,https://upload.wikimedia.org/wikipedia/commons/7/72/Sorbus_hybrida1.jpg,,FUNNET
Falkbregne,Polystichum aculeatum,Stortelgfamilien,Bregne,https://norskflora.no/plante/?sle=Polystichum&art=aculeatum,https://en.wikipedia.org/wiki/Polystichum_aculeatum,https://upload.wikimedia.org/wikipedia/commons/e/e4/Polystichum_aculeatum.jpg,,FUNNET
Filtkongslys,Verbascum thapsus,Brunrotfamilien,Urt/staude,https://norskflora.no/plante/?sle=Verbascum&art=thapsus,https://en.wikipedia.org/wiki/Verbascum_thapsus,https://upload.wikimedia.org/wikipedia/commons/3/3a/Starr_040723-0030_Verbascum_thapsus.jpg,,FUNNET
Finnmarkspors,Rhododendron tomentosum,Lyngfamilien,Lyngplante,https://norskflora.no/plante/?sle=Rhododendron&art=tomentosum,https://en.wikipedia.org/wiki/Rhododendron_tomentosum,https://upload.wikimedia.org/wikipedia/commons/e/e8/Rhododendron-palustre.JPG,,FUNNET
Finnrose,Rosa acicularis,Rosefamilien,Tre/busk,https://norskflora.no/plante/?sle=Rosa&art=acicularis,https://en.wikipedia.org/wiki/Rosa_acicularis,https://upload.wikimedia.org/wikipedia/commons/5/53/Rosa_acicularis_8448.JPG,,FUNNET
Firkantperikum,Hypericum maculatum,Perikumfamilien,Urt/staude,https://norskflora.no/plante/?sle=Hypericum&art=maculatum,https://en.wikipedia.org/wiki/Hypericum_maculatum,https://upload.wikimedia.org/wikipedia/commons/a/ae/Geflecktes_Johanniskraut.jpg,,FUNNET
Fjell-lok,Cystopteris montana,Storburknefamilien,Bregne,https://norskflora.no/plante/?sle=Cystopteris&art=montana,https://en.wikipedia.org/wiki/Cystopteris_montana,https://upload.wikimedia.org/wikipedia/commons/4/40/Cystopteris_montana_%28Berg-Blasenfarn%29_IMG_1428.jpg,,FUNNET
Fjellflokk,Polemonium caeruleum,Fjellflokkfamilien,Urt/staude,https://norskflora.no/plante/?sle=Polemonium&art=caeruleum,https://en.wikipedia.org/wiki/Polemonium_caeruleum,https://upload.wikimedia.org/wikipedia/commons/1/19/Polemonium_caeruleum_nf.jpg,,FUNNET
Fjellfrøstjerne,Thalictrum alpinum,Soleiefamilien,Urt/staude,https://norskflora.no/plante/?sle=Thalictrum&art=alpinum,https://en.wikipedia.org/wiki/Thalictrum,https://upload.wikimedia.org/wikipedia/commons/f/f7/Thalictrum_flavum0.jpg,,FUNNET
Fjellmarikåpe,Alchemilla alpina,Rosefamilien,Urt/staude,https://norskflora.no/plante/?sle=Alchemilla&art=alpina,https://en.wikipedia.org/wiki/Alchemilla_alpina,https://upload.wikimedia.org/wikipedia/commons/f/fb/Alchemilla_alpina1.JPG,,FUNNET
Fjellnøkleblom,Primula scandinavica,Nøkleblomfamilien,Urt/staude,https://norskflora.no/plante/?sle=Primula&art=scandinavica,https://en.wikipedia.org/wiki/Primula_scandinavica,https://upload.wikimedia.org/wikipedia/commons/a/a8/Primula-scandinavica-01059-X.jpg,,FUNNET
Fjellskrinneblom,Arabis alpina,Korsblomstfamilien,Urt/staude,https://norskflora.no/plante/?sle=Arabis&art=alpina,https://en.wikipedia.org/wiki/Arabis_alpina,https://upload.wikimedia.org/wikipedia/commons/4/4f/Arabis_alpina.jpg,,FUNNET
Fjellsmelle,Silene acaulis,Nellikfamilien,Urt/staude,https://norskflora.no/plante/?sle=Silene&art=acaulis,https://en.wikipedia.org/wiki/Silene_acaulis,https://upload.wikimedia.org/wikipedia/commons/b/b0/Silene_acaulis_-_Fjellsmelle.jpg,,FUNNET
Fjellvalmue,Papaver radicatum,Valmuefamilien,Urt/staude,https://norskflora.no/plante/?sle=Papaver&art=radicatum,https://en.wikipedia.org/wiki/Papaver_radicatum,https://upload.wikimedia.org/wikipedia/commons/1/14/Arctic_Poppy_imported_from_iNaturalist_photo_41380710_on_1_January_2024.jpg,,FUNNET
Fjærekoll,Armeria maritima,Hinnebegerfamilien,Urt/staude,https://norskflora.no/plante/?sle=Armeria&art=maritima,https://en.wikipedia.org/wiki/Armeria_maritima,https://upload.wikimedia.org/wikipedia/commons/2/23/Armeria_maritima_Dunnet_Head.jpg,,FUNNET
Fjæresauløk,Triglochin maritima,Sauløkfamilien,Urt/staude,https://norskflora.no/plante/?sle=Triglochin&art=maritima,https://en.wikipedia.org/wiki/Triglochin_maritima,https://upload.wikimedia.org/wikipedia/commons/d/d5/Stranddreizack.jpg,,FUNNET
Flaskestarr,Carex rostrata,Starrfamilien,Gressplante,https://norskflora.no/plante/?sle=Carex&art=rostrata,https://en.wikipedia.org/wiki/Carex_rostrata,https://upload.wikimedia.org/wikipedia/commons/2/20/Carex_rostrata.jpeg,,FUNNET
Fredløs,Lysimachia vulgaris,Nøkleblomfamilien,Urt/staude,https://norskflora.no/plante/?sle=Lysimachia&art=vulgaris,https://en.wikipedia.org/wiki/Lysimachia_vulgaris,https://upload.wikimedia.org/wikipedia/commons/0/01/Lysimachia_vulgaris_%28flowers%29_2.jpg,,FUNNET
Froskebitt,Hydrocharis morsus-ranae,Froskebittfamilien,Urt/staude,https://norskflora.no/plante/?sle=Hydrocharis&art=morsus-ranae,https://en.wikipedia.org/wiki/Hydrocharis_morsus-ranae,https://upload.wikimedia.org/wikipedia/commons/a/ad/HydrocharisMorsus-ranae2.jpg,,FUNNET
Fugletelg,Gymnocarpium dryopteris,Storburknefamilien,Bregne,https://norskflora.no/plante/?sle=Gymnocarpium&art=dryopteris,https://en.wikipedia.org/wiki/Gymnocarpium_dryopteris,https://upload.wikimedia.org/wikipedia/commons/0/01/Gymnocarpium_dryopteris_0318.JPG,,FUNNET
Fuglevikke,Vicia cracca,Erteblomstfamilien,Urt/staude,https://norskflora.no/plante/?sle=Vicia&art=cracca,https://en.wikipedia.org/wiki/Vicia_cracca,https://upload.wikimedia.org/wikipedia/commons/b/b7/Tufted_vetch_close_800.jpg,,FUNNET
Furu,Pinus sylvestris,Furufamilien,Tre/busk,https://norskflora.no/plante/?sle=Pinus&art=sylvestris,https://en.wikipedia.org/wiki/Pinus_sylvestris,https://upload.wikimedia.org/wikipedia/commons/9/91/Skuleskogen_pine.jpg,,FUNNET
Furuvintergrønn,Pyrola chlorantha,Lyngfamilien,Lyngplante,https://norskflora.no/plante/?sle=Pyrola&art=chlorantha,https://en.wikipedia.org/wiki/Pyrola_chlorantha,https://upload.wikimedia.org/wikipedia/commons/6/68/Pyrola_chlorantha_260507.jpg,,FUNNET
Geitskjegg,Tragopogon pratensis,Kurvplantefamilien,Urt/staude,https://norskflora.no/plante/?sle=Tragopogon&art=pratensis,https://en.wikipedia.org/wiki/Tragopogon_pratensis,https://upload.wikimedia.org/wikipedia/commons/9/9a/Tragopogon_pratense_2004-05-30_JOF.JPG,,FUNNET
Geittelg,Dryopteris dilatata,Stortelgfamilien,Bregne,https://norskflora.no/plante/?sle=Dryopteris&art=dilatata,https://en.wikipedia.org/wiki/Dryopteris_dilatata,https://upload.wikimedia.org/wikipedia/commons/0/05/Dryopteris_dilatata_im_weissen_moor2.jpg,,FUNNET
Geitved,Rhamnus cathartica,Trollheggfamilien,Tre/busk,https://norskflora.no/plante/?sle=Rhamnus&art=cathartica,https://en.wikipedia.org/wiki/Rhamnus_cathartica,https://upload.wikimedia.org/wikipedia/commons/4/43/Illustration_of_Rhamnus_catharticus_63-cropped.png,,FUNNET
Gjøksyre,Oxalis acetosella,Gjøkesyrefamilien,Urt/staude,https://norskflora.no/plante/?sle=Oxalis&art=acetosella,https://en.wikipedia.org/wiki/Oxalis_acetosella,https://upload.wikimedia.org/wikipedia/commons/e/ef/Oxalis_acetosella_LC0190.jpg,,FUNNET
Gran,Picea abies,Furufamilien,Tre/busk,https://norskflora.no/plante/?sle=Picea&art=abies,https://en.wikipedia.org/wiki/Picea_abies,https://upload.wikimedia.org/wikipedia/commons/b/bf/GemeineFichte.jpg,,FUNNET
Gressløk,Allium schoenoprasum,Løkfamilien,Urt/staude,https://norskflora.no/plante/?sle=Allium&art=schoenoprasum,https://en.wikipedia.org/wiki/Chives,https://upload.wikimedia.org/wikipedia/commons/4/49/Allium_schoenoprasum_-_Bombus_lapidarius_-_Tootsi.jpg,,FUNNET
Groblad,Plantago major,Maskeblomstfamilien,Urt/staude,https://norskflora.no/plante/?sle=Plantago&art=major,https://en.wikipedia.org/wiki/Plantago_major,https://upload.wikimedia.org/wikipedia/commons/3/33/Grote_weegbree_bloeiwijze_Plantago_major_subsp._major.jpg,,FUNNET
Gråor,Alnus incana,Bjørkefamilien,Tre/busk,https://norskflora.no/plante/?sle=Alnus&art=incana,https://en.wikipedia.org/wiki/Alnus_incana,https://upload.wikimedia.org/wikipedia/commons/f/fb/Alnus_incana_rugosa_leaves.jpg,,FUNNET
Gråselje,Salix cinerea,Vierfamilien,Tre/busk,https://norskflora.no/plante/?sle=Salix&art=cinerea,https://en.wikipedia.org/wiki/Salix_cinerea,https://upload.wikimedia.org/wikipedia/commons/5/53/Salix_cinerea_Habitus_in_spring_Germany.jpg,,FUNNET
Grønnmynte,Mentha spicata,Leppeblomstfamilien,Urt/staude,https://norskflora.no/plante/?sle=Mentha&art=spicata,https://en.wikipedia.org/wiki/Spearmint,https://upload.wikimedia.org/wikipedia/commons/0/05/Minze.jpg,,FUNNET
Grønnvier,Salix phylicifolia,Vierfamilien,Tre/busk,https://norskflora.no/plante/?sle=Salix&art=phylicifolia,https://en.wikipedia.org/wiki/Salix_phylicifolia,https://upload.wikimedia.org/wikipedia/commons/3/3a/Salix_phylicifolia_-_Berlin_Botanical_Garden_-_IMG_8474.JPG,,FUNNET
Gulgåseblom,Cota tinctoria,Kurvplantefamilien,Urt/staude,https://norskflora.no/plante/?sle=Cota&art=tinctoria,https://en.wikipedia.org/wiki/Cota_tinctoria,https://upload.wikimedia.org/wikipedia/commons/e/e6/Anthemis_April_2009-1.jpg,,FUNNET
Gulldusk,Lysimachia thyrsiflora,Nøkleblomfamilien,Urt/staude,https://norskflora.no/plante/?sle=Lysimachia&art=thyrsiflora,https://en.wikipedia.org/wiki/Lysimachia_thyrsiflora,https://upload.wikimedia.org/wikipedia/commons/0/06/Lysimachia_thyrsiflora_kz.jpg,,FUNNET
Gullris,Solidago virgaurea,Kurvplantefamilien,Urt/staude,https://norskflora.no/plante/?sle=Solidago&art=virgaurea,https://en.wikipedia.org/wiki/Solidago_virgaurea,https://upload.wikimedia.org/wikipedia/commons/6/66/Solidago_virgaurea_kz12.jpg,,FUNNET
Gulmaure,Galium verum,Maurefamilien,Urt/staude,https://norskflora.no/plante/?sle=Galium&art=verum,https://en.wikipedia.org/wiki/Galium_verum,https://upload.wikimedia.org/wikipedia/commons/7/7f/Galium_verum01.jpg,,FUNNET
Gulstarr,Carex flava,Starrfamilien,Gressplante,https://norskflora.no/plante/?sle=Carex&art=flava,https://en.wikipedia.org/wiki/Carex_flava,https://upload.wikimedia.org/wikipedia/commons/1/12/Carex_flava_-_Niitv%C3%A4lja.jpg,,FUNNET
Hagtorn,Crataegus monogyna,Rosefamilien,Tre/busk,https://norskflora.no/plante/?sle=Crataegus&art=monogyna,https://en.wikipedia.org/wiki/Crataegus_monogyna,https://upload.wikimedia.org/wikipedia/commons/f/fb/Hawthorn_fruit.JPG,,FUNNET
Hanekam,Silene flos-cuculi,Nellikfamilien,Urt/staude,https://norskflora.no/plante/?sle=Silene&art=flos-cuculi,https://en.wikipedia.org/wiki/Silene_flos-cuculi,https://upload.wikimedia.org/wikipedia/commons/b/b6/Silene_flos-cuculi_flower_-_Niitv%C3%A4lja.jpg,,FUNNET
Hassel,Corylus avellana,Bjørkefamilien,Tre/busk,https://norskflora.no/plante/?sle=Corylus&art=avellana,https://en.wikipedia.org/wiki/Corylus_avellana,https://upload.wikimedia.org/wikipedia/commons/6/60/Corylus_avellana.jpg,,FUNNET
Hegg,Prunus padus,Rosefamilien,Tre/busk,https://norskflora.no/plante/?sle=Prunus&art=padus,https://en.wikipedia.org/wiki/Prunus_padus,https://upload.wikimedia.org/wikipedia/commons/c/c9/Vogelkers_bloesem.jpg,,FUNNET
Hengebjørk,Betula pendula,Bjørkefamilien,Tre/busk,https://norskflora.no/plante/?sle=Betula&art=pendula,https://en.wikipedia.org/wiki/Betula_pendula,https://upload.wikimedia.org/wikipedia/commons/8/8a/Betula_pendula_Finland.jpg,,FUNNET
Hengeving,Phegopteris connectilis,Hengevingfamilien,Bregne,https://norskflora.no/plante/?sle=Phegopteris&art=connectilis,https://en.wikipedia.org/wiki/Phegopteris_connectilis,https://upload.wikimedia.org/wikipedia/commons/7/72/Phegopteris_connectilis_AT.JPG,,FUNNET
Hestehov,Tussilago farfara,Kurvplantefamilien,Urt/staude,https://norskflora.no/plante/?sle=Tussilago&art=farfara,https://en.wikipedia.org/wiki/Tussilago,https://upload.wikimedia.org/wikipedia/commons/7/7f/Coltsfoot.jpg,,FUNNET
Hjertegress,Briza media,Gressfamilien,Gressplante,https://norskflora.no/plante/?sle=Briza&art=media,https://en.wikipedia.org/wiki/Briza,https://upload.wikimedia.org/wikipedia/commons/4/4f/Briza_maxima1.jpg,,FUNNET
Hjortetrøst,Eupatorium cannabinum,Kurvplantefamilien,Urt/staude,https://norskflora.no/plante/?sle=Eupatorium&art=cannabinum,https://en.wikipedia.org/wiki/Eupatorium_cannabinum,https://upload.wikimedia.org/wikipedia/commons/4/49/Eupatorium_cannabinum_%28xndr%29.jpg,,FUNNET
Hjortetunge,Asplenium scolopendrium,Småburknefamilien,Bregne,https://norskflora.no/plante/?sle=Asplenium&art=scolopendrium,https://en.wikipedia.org/wiki/Asplenium_scolopendrium,https://upload.wikimedia.org/wikipedia/commons/f/fe/Asplenium_scolopendrium.jpg,,FUNNET
Humle,Humulus lupulus,Hampefamilien,Urt/staude,https://norskflora.no/plante/?sle=Humulus&art=lupulus,https://en.wikipedia.org/wiki/Humulus_lupulus,https://upload.wikimedia.org/wikipedia/commons/7/70/Hopfen1.jpg,,FUNNET
Hvitbergknapp,Sedum album,Bergknappfamilien,Urt/staude,https://norskflora.no/plante/?sle=Sedum&art=album,https://en.wikipedia.org/wiki/Sedum_album,https://upload.wikimedia.org/wikipedia/commons/6/6e/Sedum_album_03_ies.jpg,,FUNNET
Hvitkløver,Trifolium repens,Erteblomstfamilien,Urt/staude,https://norskflora.no/plante/?sle=Trifolium&art=repens,https://en.wikipedia.org/wiki/Trifolium_repens,https://upload.wikimedia.org/wikipedia/commons/5/52/Trifolium_repens_-_white_clover_on_way_from_Govindghat_to_Gangria_at_Valley_of_Flowers_National_Park_-_during_LGFC_-_VOF_2019_%281%29.jpg,,FUNNET
Hvitmaure,Galium boreale,Maurefamilien,Urt/staude,https://norskflora.no/plante/?sle=Galium&art=boreale,https://en.wikipedia.org/wiki/Galium_boreale,https://upload.wikimedia.org/wikipedia/commons/9/9b/Galium_boreale_-_v%C3%A4rvmadar_Keilas.jpg,,FUNNET
Hvitpestrot,Petasites albus,Kurvplantefamilien,Urt/staude,https://norskflora.no/plante/?sle=Petasites&art=albus,https://en.wikipedia.org/wiki/Petasites_albus,https://upload.wikimedia.org/wikipedia/commons/2/22/Petasites_albus_a1.jpg,,FUNNET
Hvitvannlilje,Nymphaea alba,Vannliljefamilien,Urt/staude,https://norskflora.no/plante/?sle=Nymphaea&art=alba,https://en.wikipedia.org/wiki/Nymphaea_alba,https://upload.wikimedia.org/wikipedia/commons/3/3f/2016_Kwiat_grzybieni_bia%C5%82ych_2.jpg,,FUNNET
Hønsegress,Persicaria maculosa,Slireknefamilien,Urt/staude,https://norskflora.no/plante/?sle=Persicaria&art=maculosa,https://en.wikipedia.org/wiki/Persicaria_maculosa,https://upload.wikimedia.org/wikipedia/commons/8/8f/2015.09.05_12.26.43_DSC00301_-_Flickr_-_andrey_zharkikh_crop.jpg,,FUNNET
Istervier,Salix pentandra,Vierfamilien,Tre/busk,https://norskflora.no/plante/?sle=Salix&art=pentandra,https://en.wikipedia.org/wiki/Salix_pentandra,https://upload.wikimedia.org/wikipedia/commons/f/f9/Salix_pentandra0.jpg,,FUNNET
Jonsokkoll,Ajuga pyramidalis,Leppeblomstfamilien,Urt/staude,https://norskflora.no/plante/?sle=Ajuga&art=pyramidalis,https://en.wikipedia.org/wiki/Ajuga,https://upload.wikimedia.org/wikipedia/commons/4/48/Ajuga_reptans_LC0138.jpg,,FUNNET
Junkersildre,Saxifraga paniculata,Sildrefamilien,Urt/staude,https://norskflora.no/plante/?sle=Saxifraga&art=paniculata,https://en.wikipedia.org/wiki/Saxifraga_paniculata,https://upload.wikimedia.org/wikipedia/commons/9/9b/Saxifraga_paniculata.jpg,,FUNNET
Kalmusrot,Acorus calamus,Kalmusrotfamilien,Urt/staude,https://norskflora.no/plante/?sle=Acorus&art=calamus,https://en.wikipedia.org/wiki/Acorus_calamus,https://upload.wikimedia.org/wikipedia/commons/3/37/Acorus_calamus1.jpg,,FUNNET
Kanelrose,Rosa majalis,Rosefamilien,Tre/busk,https://norskflora.no/plante/?sle=Rosa&art=majalis,https://en.wikipedia.org/wiki/Rosa_majalis,https://upload.wikimedia.org/wikipedia/commons/6/61/Illustration_Rosa_majalis0.jpg,,FUNNET
Kantkonvall,Polygonatum odoratum,Aspargesfamilien,Urt/staude,https://norskflora.no/plante/?sle=Polygonatum&art=odoratum,https://en.wikipedia.org/wiki/Polygonatum_odoratum,https://upload.wikimedia.org/wikipedia/commons/2/2c/Angular_solomons-seal_Polygonatum_odoratum.jpg,,FUNNET
Karve,Carum carvi,Skjermplantefamilien,Urt/staude,https://norskflora.no/plante/?sle=Carum&art=carvi,https://en.wikipedia.org/wiki/Caraway,https://upload.wikimedia.org/wikipedia/commons/4/42/Carum_carvi_-_K%C3%B6hler%E2%80%93s_Medizinal-Pflanzen-172.jpg,,FUNNET
Kattefot,Antennaria dioica,Kurvplantefamilien,Urt/staude,https://norskflora.no/plante/?sle=Antennaria&art=dioica,https://en.wikipedia.org/wiki/Antennaria_dioica,https://upload.wikimedia.org/wikipedia/commons/a/a4/Antennaria_dioica.jpg,,FUNNET
Kattehale,Lythrum salicaria,Kattehalefamilien,Urt/staude,https://norskflora.no/plante/?sle=Lythrum&art=salicaria,https://en.wikipedia.org/wiki/Lythrum_salicaria,https://upload.wikimedia.org/wikipedia/commons/1/15/Lythrum_salicaria_-_harilik_kukesaba.jpg,,FUNNET
Kjertelhønsegress,Persicaria lapathifolia,Slireknefamilien,Urt/staude,https://norskflora.no/plante/?sle=Persicaria&art=lapathifolia,https://en.wikipedia.org/wiki/Persicaria_lapathifolia,https://upload.wikimedia.org/wikipedia/commons/6/67/Polygonum_lapathifolium3.jpg,,FUNNET
Klokkevintergrønn,Pyrola media,Lyngfamilien,Lyngplante,https://norskflora.no/plante/?sle=Pyrola&art=media,https://en.wikipedia.org/wiki/Pyrola_media,https://upload.wikimedia.org/wikipedia/commons/e/e2/Pyrola_media_RHu_01.JPG,,FUNNET
Klåved,Myricaria germanica,Tamariskfamilien,Tre/busk,https://norskflora.no/plante/?sle=Myricaria&art=germanica,https://en.wikipedia.org/wiki/Myricaria_germanica,https://upload.wikimedia.org/wikipedia/commons/0/06/Myricaria_germanica_300906a.jpg,,FUNNET
Knollmjødurt,Filipendula vulgaris,Rosefamilien,Urt/staude,https://norskflora.no/plante/?sle=Filipendula&art=vulgaris,https://en.wikipedia.org/wiki/Filipendula_vulgaris,https://upload.wikimedia.org/wikipedia/commons/0/0c/Filipendula_vulgaris_-_inflorescence_-_Kulna.jpg,,FUNNET
Kongsbregne,Osmunda regalis,Kongsbregnefamilien,Bregne,https://norskflora.no/plante/?sle=Osmunda&art=regalis,https://en.wikipedia.org/wiki/Osmunda_regalis,https://upload.wikimedia.org/wikipedia/commons/b/b9/Osmunda_regalis_Mimizan.jpg,,FUNNET
Korsknapp,Glechoma hederacea,Leppeblomstfamilien,Urt/staude,https://norskflora.no/plante/?sle=Glechoma&art=hederacea,https://en.wikipedia.org/wiki/Glechoma_hederacea,https://upload.wikimedia.org/wikipedia/commons/6/6e/Glechoma_hederacea_-_Keila.jpg,,FUNNET
Korsved,Viburnum opulus,Moskusurtfamilien,Tre/busk,https://norskflora.no/plante/?sle=Viburnum&art=opulus,https://en.wikipedia.org/wiki/Viburnum_opulus,https://upload.wikimedia.org/wikipedia/commons/7/70/Viburnum_01.JPG,,FUNNET
Kratthumleblom,Geum urbanum,Rosefamilien,Urt/staude,https://norskflora.no/plante/?sle=Geum&art=urbanum,https://en.wikipedia.org/wiki/Geum_urbanum,https://upload.wikimedia.org/wikipedia/commons/b/b5/%28MHNT%29_Geum_urbanum_-_Habit.jpg,,FUNNET
Krekling,Empetrum nigrum,Lyngfamilien,Lyngplante,https://norskflora.no/plante/?sle=Empetrum&art=nigrum,https://en.wikipedia.org/wiki/Empetrum_nigrum,https://upload.wikimedia.org/wikipedia/commons/5/5a/Empetrum_nigrum_by_Maseltov_2.jpg,,FUNNET
Kristtorn,Ilex aquifolium,Kristtornfamilien,Tre/busk,https://norskflora.no/plante/?sle=Ilex&art=aquifolium,https://en.wikipedia.org/wiki/Ilex_aquifolium,https://upload.wikimedia.org/wikipedia/commons/9/96/Ilex-aquifolium_%28Europaeische_Stechpalme-1%29.jpg,,FUNNET
Krypjonsokkoll,Ajuga reptans,Leppeblomstfamilien,Urt/staude,https://norskflora.no/plante/?sle=Ajuga&art=reptans,https://en.wikipedia.org/wiki/Ajuga_reptans,https://upload.wikimedia.org/wikipedia/commons/6/65/Ajuga_reptans_20070429_132711_1.jpg,,FUNNET
Krypvier,Salix repens,Vierfamilien,Tre/busk,https://norskflora.no/plante/?sle=Salix&art=repens,https://en.wikipedia.org/wiki/Salix_repens,https://upload.wikimedia.org/wikipedia/commons/5/51/Salix-repens-flowering.JPG,,FUNNET
Kubjelle,Pulsatilla pratensis,Soleiefamilien,Urt/staude,https://norskflora.no/plante/?sle=Pulsatilla&art=pratensis,https://en.wikipedia.org/wiki/Pulsatilla_pratensis,https://upload.wikimedia.org/wikipedia/commons/c/ca/Pulsatilla_pratensis_subsp._bohemica2.jpg,,FUNNET
Kusymre,Primula vulgaris,Nøkleblomfamilien,Urt/staude,https://norskflora.no/plante/?sle=Primula&art=vulgaris,https://en.wikipedia.org/wiki/Primula_vulgaris,https://upload.wikimedia.org/wikipedia/commons/a/ad/Prole%C4%87no_cve%C4%87e_3.JPG,,FUNNET
Kvann,Angelica archangelica,Skjermplantefamilien,Urt/staude,https://norskflora.no/plante/?sle=Angelica&art=archangelica,https://en.wikipedia.org/wiki/Angelica_archangelica,https://upload.wikimedia.org/wikipedia/commons/3/3b/Koehler1887-GardenAngelica.jpg,,FUNNET
Kvass-starr,Carex acuta,Starrfamilien,Gressplante,https://norskflora.no/plante/?sle=Carex&art=acuta,https://en.wikipedia.org/wiki/Carex_acuta,https://upload.wikimedia.org/wikipedia/commons/9/9b/Carex_acuta1.JPG,,FUNNET
Kvassdå,Galeopsis tetrahit,Leppeblomstfamilien,Urt/staude,https://norskflora.no/plante/?sle=Galeopsis&art=tetrahit,https://en.wikipedia.org/wiki/Galeopsis_tetrahit,https://upload.wikimedia.org/wikipedia/commons/f/fc/Galeopsis_tetrahit_-_kare_k%C3%B5rvik_Keilas.jpg,,FUNNET
Kystbjørnekjeks,Heracleum sphondylium,Skjermplantefamilien,Urt/staude,https://norskflora.no/plante/?sle=Heracleum&art=sphondylium,https://en.wikipedia.org/wiki/Heracleum_sphondylium,https://upload.wikimedia.org/wikipedia/commons/0/02/Heracleum_sphondylium_Berenklauw.jpg,,FUNNET
Kystfrøstjerne,Thalictrum minus,Soleiefamilien,Urt/staude,https://norskflora.no/plante/?sle=Thalictrum&art=minus,https://en.wikipedia.org/wiki/Thalictrum_minus,https://upload.wikimedia.org/wikipedia/commons/0/04/Thalictrum_minus_1.jpg,,FUNNET
Lapprose,Rhododendron lapponicum,Lyngfamilien,Lyngplante,https://norskflora.no/plante/?sle=Rhododendron&art=lapponicum,https://en.wikipedia.org/wiki/Rhododendron_lapponicum,https://upload.wikimedia.org/wikipedia/commons/5/59/Rhododendron_lapponicum_%287833321068%29.jpg,,FUNNET
Lappvier,Salix lapponum,Vierfamilien,Tre/busk,https://norskflora.no/plante/?sle=Salix&art=lapponum,https://en.wikipedia.org/wiki/Salix_lapponum,https://upload.wikimedia.org/wikipedia/commons/5/50/Salix_lapponum_General_view.JPG,,FUNNET
Leddved,Lonicera xylosteum,Kaprifolfamilien,Tre/busk,https://norskflora.no/plante/?sle=Lonicera&art=xylosteum,https://en.wikipedia.org/wiki/Lonicera_xylosteum,https://upload.wikimedia.org/wikipedia/commons/b/be/Lonicera_xylosteum_flowers.jpg,,FUNNET
Legevendelrot,Valeriana officinalis,Kaprifolfamilien,Urt/staude,https://norskflora.no/plante/?sle=Valeriana&art=officinalis,https://en.wikipedia.org/wiki/Valeriana,https://upload.wikimedia.org/wikipedia/commons/0/03/Valeriana_officinalis_002.JPG,,FUNNET
Legeveronika,Veronica officinalis,Maskeblomstfamilien,Urt/staude,https://norskflora.no/plante/?sle=Veronica&art=officinalis,https://en.wikipedia.org/wiki/Veronica_officinalis,https://upload.wikimedia.org/wikipedia/commons/7/71/Veronica_officinalis-53.jpg,,FUNNET
Lerkespore,Corydalis intermedia,Valmuefamilien,Urt/staude,https://norskflora.no/plante/?sle=Corydalis&art=intermedia,https://en.wikipedia.org/wiki/Corydalis_intermedia,https://upload.wikimedia.org/wikipedia/commons/6/61/Corydalis_intermedia1.jpg,,FUNNET
Liguster,Ligustrum vulgare,Oliventrefamilien,Tre/busk,https://norskflora.no/plante/?sle=Ligustrum&art=vulgare,https://en.wikipedia.org/wiki/Ligustrum_vulgare,https://upload.wikimedia.org/wikipedia/commons/f/f4/Wilde_liguster_%28Ligustrum_vulgare%29.jpg,,FUNNET
Liljekonvall,Convallaria majalis,Aspargesfamilien,Urt/staude,https://norskflora.no/plante/?sle=Convallaria&art=majalis,https://en.wikipedia.org/wiki/Lily_of_the_valley,https://upload.wikimedia.org/wikipedia/commons/f/f9/Convallaria_majalis_inflorescence_-_Keila.jpg,,FUNNET
Linnea,Linnaea borealis,Kaprifolfamilien,Urt/staude,https://norskflora.no/plante/?sle=Linnaea&art=borealis,https://en.wikipedia.org/wiki/Linnaea,https://upload.wikimedia.org/wikipedia/commons/1/17/Linnaea_borealis%2C_Altevatn%2C_Bardu%2C_Troms%2C_Norway_1.jpg,,FUNNET
Lintorskemunn,Linaria vulgaris,Maskeblomstfamilien,Urt/staude,https://norskflora.no/plante/?sle=Linaria&art=vulgaris,https://en.wikipedia.org/wiki/Linaria_vulgaris,https://upload.wikimedia.org/wikipedia/commons/7/74/Linaria_vulgaris_flowers_-_Keila.jpg,,FUNNET
Lodneperikum,Hypericum hirsutum,Perikumfamilien,Urt/staude,https://norskflora.no/plante/?sle=Hypericum&art=hirsutum,https://en.wikipedia.org/wiki/Hypericum_hirsutum,https://upload.wikimedia.org/wikipedia/commons/7/76/Hypericum_hirsutum_coteau-charteves_02_23062007_2.jpg,,FUNNET
Løvetann,Taraxacum officinale,Kurvplantefamilien,Urt/staude,https://norskflora.no/plante/?sle=Taraxacum&art=officinale,https://en.wikipedia.org/wiki/Taraxacum_officinale,https://upload.wikimedia.org/wikipedia/commons/b/b2/Taraxacum_officinale_-_K%C3%B6hler%E2%80%93s_Medizinal-Pflanzen-135.jpg,,FUNNET
Maigull,Chrysosplenium alternifolium,Sildrefamilien,Urt/staude,https://norskflora.no/plante/?sle=Chrysosplenium&art=alternifolium,https://en.wikipedia.org/wiki/Chrysosplenium_alternifolium,https://upload.wikimedia.org/wikipedia/commons/a/a2/Chrysosplenium_alternifolium_%28Retournemer%29.JPG,,FUNNET
Malurt,Artemisia absinthium,Kurvplantefamilien,Urt/staude,https://norskflora.no/plante/?sle=Artemisia&art=absinthium,https://en.wikipedia.org/wiki/Artemisia_absinthium,https://upload.wikimedia.org/wikipedia/commons/e/eb/Artemisia_absinthium_P1210748.jpg,,FUNNET
Mandelpil,Salix triandra,Vierfamilien,Tre/busk,https://norskflora.no/plante/?sle=Salix&art=triandra,https://en.wikipedia.org/wiki/Salix_triandra,https://upload.wikimedia.org/wikipedia/commons/d/d1/Salix_triandra_female_flower.jpg,,FUNNET
Marehalm,Calamagrostis arenaria,Gressfamilien,Gressplante,https://norskflora.no/plante/?sle=Calamagrostis&art=arenaria,https://en.wikipedia.org/wiki/Ammophila_arenaria,https://upload.wikimedia.org/wikipedia/commons/6/6a/Hvid_klit.jpg,,FUNNET
Marianøkleblom,Primula veris,Nøkleblomfamilien,Urt/staude,https://norskflora.no/plante/?sle=Primula&art=veris,https://en.wikipedia.org/wiki/Primula_veris,https://upload.wikimedia.org/wikipedia/commons/3/31/Primula_veris_230405.jpg,,FUNNET
Marigress,Anthoxanthum nitens,Gressfamilien,Gressplante,https://norskflora.no/plante/?sle=Anthoxanthum&art=nitens,https://en.wikipedia.org/wiki/Hierochloe_odorata,https://upload.wikimedia.org/wikipedia/commons/8/81/Hierochloe_odorata_%28USDA%29.jpg,,FUNNET
Marisko,Cypripedium calceolus,Orkidéfamilien,Urt/staude,https://norskflora.no/plante/?sle=Cypripedium&art=calceolus,https://en.wikipedia.org/wiki/Cypripedium_calceolus,https://upload.wikimedia.org/wikipedia/commons/7/74/Cypripedium_calceolus_wiki_mg-k01.jpg,,FUNNET
Markjordbær,Fragaria vesca,Rosefamilien,Urt/staude,https://norskflora.no/plante/?sle=Fragaria&art=vesca,https://en.wikipedia.org/wiki/Fragaria_vesca,https://upload.wikimedia.org/wikipedia/commons/1/1f/Illustration_Fragaria_vesca0.jpg,,FUNNET
Marsfiol,Viola odorata,Fiolfamilien,Urt/staude,https://norskflora.no/plante/?sle=Viola&art=odorata,https://en.wikipedia.org/wiki/Viola_odorata,https://upload.wikimedia.org/wikipedia/commons/7/7a/Viola_odorata_fg01.JPG,,FUNNET
Melbær,Arctostaphylos uva-ursi,Lyngfamilien,Lyngplante,https://norskflora.no/plante/?sle=Arctostaphylos&art=uva-ursi,https://en.wikipedia.org/wiki/Arctostaphylos_uva-ursi,https://upload.wikimedia.org/wikipedia/commons/d/d8/Arctostaphylos_uva-ursi_25924.JPG,,FUNNET
Misteltein,Viscum album,Mistelteinfamilien,Urt/staude,https://norskflora.no/plante/?sle=Viscum&art=album,https://en.wikipedia.org/wiki/Viscum_album,https://upload.wikimedia.org/wikipedia/commons/c/c5/Mistletoe_in_White_Poplar_1.jpg,,FUNNET
Mjødurt,Filipendula ulmaria,Rosefamilien,Urt/staude,https://norskflora.no/plante/?sle=Filipendula&art=ulmaria,https://en.wikipedia.org/wiki/Filipendula_ulmaria,https://upload.wikimedia.org/wikipedia/commons/3/37/20140715Filipendula_ulmaria.jpg,,FUNNET
Mogop,Anemone vernalis,Soleiefamilien,Urt/staude,https://norskflora.no/plante/?sle=Anemone&art=vernalis,https://en.wikipedia.org/wiki/Pulsatilla_vernalis,https://upload.wikimedia.org/wikipedia/commons/c/c3/Anemone_vernalis%2C_near_Plagne_Soleil%2C_La_Plagne_Tarentaise%2C_2017.jpg,,FUNNET
Molte,Rubus chamaemorus,Rosefamilien,Urt/staude,https://norskflora.no/plante/?sle=Rubus&art=chamaemorus,https://en.wikipedia.org/wiki/Rubus_chamaemorus,https://upload.wikimedia.org/wikipedia/commons/2/20/Rubus_chamaemorus%2C_from_Troms%C3%B8%2C_August_2020.jpeg,,FUNNET
Mosesildre,Saxifraga hypnoides,Sildrefamilien,Urt/staude,https://norskflora.no/plante/?sle=Saxifraga&art=hypnoides,https://en.wikipedia.org/wiki/Saxifraga,https://upload.wikimedia.org/wikipedia/commons/6/66/Saxifraga_cochlearis1.jpg,,FUNNET
Myrkongle,Calla palustris,Myrkonglefamilien,Urt/staude,https://norskflora.no/plante/?sle=Calla&art=palustris,https://en.wikipedia.org/wiki/Calla,https://upload.wikimedia.org/wikipedia/commons/9/9b/Calla_palustris2.jpg,,FUNNET
Myrsildre,Saxifraga hirculus,Sildrefamilien,Urt/staude,https://norskflora.no/plante/?sle=Saxifraga&art=hirculus,https://en.wikipedia.org/wiki/Saxifraga_hirculus,https://upload.wikimedia.org/wikipedia/commons/0/05/Skaftafell_-_Gelbe_Bl%C3%BCten.jpg,,FUNNET
Myrtevier,Salix myrsinites,Vierfamilien,Tre/busk,https://norskflora.no/plante/?sle=Salix&art=myrsinites,https://en.wikipedia.org/wiki/Salix_myrsinites,https://upload.wikimedia.org/wikipedia/commons/8/8c/Salix_myrsinites_Kiiminki%2C_Finland_25.06.2013.jpg,,FUNNET
Myske,Galium odoratum,Maurefamilien,Urt/staude,https://norskflora.no/plante/?sle=Galium&art=odoratum,https://en.wikipedia.org/wiki/Galium_odoratum,https://upload.wikimedia.org/wikipedia/commons/3/32/Waldmeister%28Mai%29.JPG,,FUNNET
Mørkkongslys,Verbascum nigrum,Brunrotfamilien,Urt/staude,https://norskflora.no/plante/?sle=Verbascum&art=nigrum,https://en.wikipedia.org/wiki/Verbascum_nigrum,https://upload.wikimedia.org/wikipedia/commons/6/6a/Verbascum_nigrum_02.jpg,,FUNNET
Nikkebrønsle,Bidens cernua,Kurvplantefamilien,Urt/staude,https://norskflora.no/plante/?sle=Bidens&art=cernua,https://en.wikipedia.org/wiki/Bidens_cernua,https://upload.wikimedia.org/wikipedia/commons/a/a7/Bidens_cernua.jpeg,,FUNNET
Norsktimian,Thymus praecox ssp britannicus,Leppeblomstfamilien,Urt/staude,https://norskflora.no/plante/?sle=Thymus&art=praecox,https://en.wikipedia.org/wiki/Thymus_praecox,https://upload.wikimedia.org/wikipedia/commons/2/20/Thymus_praecox.JPG,,FUNNET
Nyserot,Veratrum album,Giftliljefamilien,Urt/staude,https://norskflora.no/plante/?sle=Veratrum&art=album,https://en.wikipedia.org/wiki/Veratrum_album,https://upload.wikimedia.org/wikipedia/commons/9/97/Veratrum_album_Aubrac.JPG,,FUNNET
Nyseryllik,Achillea ptarmica,Kurvplantefamilien,Urt/staude,https://norskflora.no/plante/?sle=Achillea&art=ptarmica,https://en.wikipedia.org/wiki/Achillea_ptarmica,https://upload.wikimedia.org/wikipedia/commons/9/96/Achillea_ptarmica_-_v%C3%B5sa-raudrohi.jpg,,FUNNET
Oksetunge,Anchusa officinalis,Rubladfamilien,Urt/staude,https://norskflora.no/plante/?sle=Anchusa&art=officinalis,https://en.wikipedia.org/wiki/Anchusa_officinalis,https://upload.wikimedia.org/wikipedia/commons/6/6e/Anchusa_officinalis_kz06.jpg,,FUNNET
Olavsstake,Moneses uniflora,Lyngfamilien,Lyngplante,https://norskflora.no/plante/?sle=Moneses&art=uniflora,https://en.wikipedia.org/wiki/Moneses,https://upload.wikimedia.org/wikipedia/commons/f/fd/Moneses_uniflora_1437.JPG,,FUNNET
Oregano,Origanum vulgare,Leppeblomstfamilien,Urt/staude,https://norskflora.no/plante/?sle=Origanum&art=vulgare,https://en.wikipedia.org/wiki/Oregano,https://upload.wikimedia.org/wikipedia/commons/1/14/Origanum_vulgare_-_harilik_pune.jpg,,FUNNET
Ormehode,Echium vulgare,Rubladfamilien,Urt/staude,https://norskflora.no/plante/?sle=Echium&art=vulgare,https://en.wikipedia.org/wiki/Echium_vulgare,https://upload.wikimedia.org/wikipedia/commons/d/d4/Echium_vulgare_L.jpg,,FUNNET
Ormetelg,Dryopteris filix-mas,Stortelgfamilien,Bregne,https://norskflora.no/plante/?sle=Dryopteris&art=filix-mas,https://en.wikipedia.org/wiki/Dryopteris_filix-mas,https://upload.wikimedia.org/wikipedia/commons/4/40/Dryopteris_filix_mas_nf.jpg,,FUNNET
Pilblad,Sagittaria sagittifolia,Vassgrofamilien,Urt/staude,https://norskflora.no/plante/?sle=Sagittaria&art=sagittifolia,https://en.wikipedia.org/wiki/Sagittaria_sagittifolia,https://upload.wikimedia.org/wikipedia/commons/8/81/SagittariaSagittifoliaInflorescence2.jpg,,FUNNET
Polarvier,Salix polaris,Vierfamilien,Tre/busk,https://norskflora.no/plante/?sle=Salix&art=polaris,https://en.wikipedia.org/wiki/Salix_polaris,https://upload.wikimedia.org/wikipedia/commons/1/1f/Polarwillow1.jpg,,FUNNET
Pors,Myrica gale,Porsfamilien,Tre/busk,https://norskflora.no/plante/?sle=Myrica&art=gale,https://en.wikipedia.org/wiki/Myrica_gale,https://upload.wikimedia.org/wikipedia/commons/b/ba/Myrica-gale-hunlig.JPG,,FUNNET
Prestekrage,Leucanthemum vulgare,Kurvplantefamilien,Urt/staude,https://norskflora.no/plante/?sle=Leucanthemum&art=vulgare,https://en.wikipedia.org/wiki/Leucanthemum_vulgare,https://upload.wikimedia.org/wikipedia/commons/e/e7/Leucanthemum_vulgare_%27Filigran%27_Flower_2200px.jpg,,FUNNET
Prikkperikum,Hypericum perforatum,Perikumfamilien,Urt/staude,https://norskflora.no/plante/?sle=Hypericum&art=perforatum,https://en.wikipedia.org/wiki/Hypericum_perforatum,https://upload.wikimedia.org/wikipedia/commons/c/cf/%28MHNT%29_Hypericum_perforatum_flower_and_buttons.jpg,,FUNNET
Ramsløk,Allium ursinum,Løkfamilien,Urt/staude,https://norskflora.no/plante/?sle=Allium&art=ursinum,https://en.wikipedia.org/wiki/Allium_ursinum,https://upload.wikimedia.org/wikipedia/commons/4/45/Photo_of_Allium_Ursinum%2C_wild_garlic%2C_north-west_Hampshire%2C_UK%2C_May_2014.jpg,,FUNNET
Rankpiggknopp,Sparganium emersum,Dunkjevlefamilien,Gressplante,https://norskflora.no/plante/?sle=Sparganium&art=emersum,https://en.wikipedia.org/wiki/Sparganium_emersum,https://upload.wikimedia.org/wikipedia/commons/c/cc/Sparganium_emersum_11429.jpg,,FUNNET
Reinfann,Tanacetum vulgare,Kurvplantefamilien,Urt/staude,https://norskflora.no/plante/?sle=Tanacetum&art=vulgare,https://en.wikipedia.org/wiki/Tansy,https://upload.wikimedia.org/wikipedia/commons/d/d6/Tanacetum_vulgare_-_harilik_soolikarohi_Keilas2.jpg,,FUNNET
Reinrose,Dryas octopetala,Rosefamilien,Urt/staude,https://norskflora.no/plante/?sle=Dryas&art=octopetala,https://en.wikipedia.org/wiki/Dryas_octopetala,https://upload.wikimedia.org/wikipedia/commons/b/b0/Dryas_octopetala_LC0327.jpg,,FUNNET
Revebjelle,Digitalis purpurea,Maskeblomstfamilien,Urt/staude,https://norskflora.no/plante/?sle=Digitalis&art=purpurea,https://en.wikipedia.org/wiki/Digitalis_purpurea,https://upload.wikimedia.org/wikipedia/commons/b/ba/Digitalis_purpurea_LC0101.jpg,,FUNNET
Rogn,Sorbus aucuparia,Rosefamilien,Tre/busk,https://norskflora.no/plante/?sle=Sorbus&art=aucuparia,https://en.wikipedia.org/wiki/Sorbus_aucuparia,https://upload.wikimedia.org/wikipedia/commons/2/26/Rowan_tree_20081002b.jpg,,FUNNET
Rognasal,Hedlundia hybrida,Rosefamilien,Tre/busk,https://norskflora.no/plante/?sle=Hedlundia&art=hybrida,https://en.wikipedia.org/wiki/Hedlundia_hybrida,https://upload.wikimedia.org/wikipedia/commons/7/72/Sorbus_hybrida1.jpg,,FUNNET
Rosenrot,Rhodiola rosea,Bergknappfamilien,Urt/staude,https://norskflora.no/plante/?sle=Rhodiola&art=rosea,https://en.wikipedia.org/wiki/Rhodiola_rosea,https://upload.wikimedia.org/wikipedia/commons/e/ef/Rhodiola_rosea_a2.jpg,,FUNNET
Ryllik,Achillea millefolium,Kurvplantefamilien,Urt/staude,https://norskflora.no/plante/?sle=Achillea&art=millefolium,https://en.wikipedia.org/wiki/Achillea_millefolium,https://upload.wikimedia.org/wikipedia/commons/1/1a/Achillea_millefolium_%28bright%29.jpg,,FUNNET
Rynkevier,Salix reticulata,Vierfamilien,Tre/busk,https://norskflora.no/plante/?sle=Salix&art=reticulata,https://en.wikipedia.org/wiki/Salix_reticulata,https://upload.wikimedia.org/wikipedia/commons/5/51/Salix_reticulata_n%C3%A4tvide.jpg,,FUNNET
Rødjonsokblom,Silene dioica,Nellikfamilien,Urt/staude,https://norskflora.no/plante/?sle=Silene&art=dioica,https://en.wikipedia.org/wiki/Silene_dioica,https://upload.wikimedia.org/wikipedia/commons/7/7b/Bayrischer_Wald_9929.JPG,,FUNNET
Rødkløver,Trifolium pratense,Erteblomstfamilien,Urt/staude,https://norskflora.no/plante/?sle=Trifolium&art=pratense,https://en.wikipedia.org/wiki/Trifolium_pratense,https://upload.wikimedia.org/wikipedia/commons/a/ae/Trifolium_pratense_-_Keila2.jpg,,FUNNET
Rødknapp,Knautia arvensis,Kardeborrefamilien,Urt/staude,https://norskflora.no/plante/?sle=Knautia&art=arvensis,https://en.wikipedia.org/wiki/Knautia,https://upload.wikimedia.org/wikipedia/commons/d/d4/Acker-Witwenblume_Knautia_arvensis.jpg,,FUNNET
Rødsildre,Saxifraga oppositifolia,Sildrefamilien,Urt/staude,https://norskflora.no/plante/?sle=Saxifraga&art=oppositifolia,https://en.wikipedia.org/wiki/Saxifraga_oppositifolia,https://upload.wikimedia.org/wikipedia/commons/a/ae/Purpsaxifrage2.jpg,,FUNNET
Røsslyng,Calluna vulgaris,Lyngfamilien,Lyngplante,https://norskflora.no/plante/?sle=Calluna&art=vulgaris,https://en.wikipedia.org/wiki/Calluna,https://upload.wikimedia.org/wikipedia/commons/3/30/CallunaVulgaris.jpg,,FUNNET
Sauesvingel,Festuca ovina,Gressfamilien,Gressplante,https://norskflora.no/plante/?sle=Festuca&art=ovina,https://en.wikipedia.org/wiki/Festuca_ovina,https://upload.wikimedia.org/wikipedia/commons/5/50/Illustration_Festuca_ovina0.jpg,,FUNNET
Sauetelg,Dryopteris expansa,Stortelgfamilien,Bregne,https://norskflora.no/plante/?sle=Dryopteris&art=expansa,https://en.wikipedia.org/wiki/Dryopteris_expansa,https://upload.wikimedia.org/wikipedia/commons/7/75/Dryopteris_expansa.jpg,,FUNNET
Selje,Salix caprea,Vierfamilien,Tre/busk,https://norskflora.no/plante/?sle=Salix&art=caprea,https://en.wikipedia.org/wiki/Salix_caprea,https://upload.wikimedia.org/wikipedia/commons/0/03/Waterwilg_%28DSC_2539%29.jpg,,FUNNET
Sibirgran,Picea obovata,Furufamilien,Tre/busk,https://norskflora.no/plante/?sle=Picea&art=obovata,https://en.wikipedia.org/wiki/Picea_obovata,https://upload.wikimedia.org/wikipedia/commons/e/e5/Picea_obovata_Urals1.jpg,,FUNNET
Sibirklematis,Clematis alpina ssp sibirica,Soleiefamilien,Tre/busk,https://norskflora.no/plante/?sle=Clematis&art=alpina,https://snl.no/skogranke,https://media.snl.no/media/10220/standard_compressed_skogranke.jpg,,FUNNET
Sibirstjerne,Eurybia sibirica,Kurvplantefamilien,Urt/staude,https://norskflora.no/plante/?sle=Eurybia&art=sibirica,https://en.wikipedia.org/wiki/Eurybia_sibirica,https://upload.wikimedia.org/wikipedia/commons/d/d0/Aster_sibiricus.jpg,,FUNNET
Sikori,Cichorium intybus,Kurvplantefamilien,Urt/staude,https://norskflora.no/plante/?sle=Cichorium&art=intybus,https://en.wikipedia.org/wiki/Chicory,https://upload.wikimedia.org/wikipedia/commons/b/bf/Illustration_Cichorium_intybus0_clean.jpg,,FUNNET
Silkenellik,Dianthus superbus,Nellikfamilien,Urt/staude,https://norskflora.no/plante/?sle=Dianthus&art=superbus,https://en.wikipedia.org/wiki/Dianthus_superbus,https://upload.wikimedia.org/wikipedia/commons/7/7a/Dianthus_superbus_140805a.jpg,,FUNNET
Sisselrot,Polypodium vulgare,Sisselrotfamilien,Bregne,https://norskflora.no/plante/?sle=Polypodium&art=vulgare,https://en.wikipedia.org/wiki/Polypodium_vulgare,https://upload.wikimedia.org/wikipedia/commons/5/56/T%C3%BCpfelfarn_%28Polypodium_vulgare%29.jpg,,FUNNET
Skavsnelle,Equisetum hyemale,Snellefamilien,Bregne,https://norskflora.no/plante/?sle=Equisetum&art=hyemale,https://en.wikipedia.org/wiki/Equisetum_hyemale,https://upload.wikimedia.org/wikipedia/commons/4/4a/Rough_Horsetail_%28Equisetum_hyemale%29_-_B%C3%A6rum%2C_Norway_2021-10-15.jpg,,FUNNET
Skjeggklokke,Campanula barbata,Klokkefamilien,Urt/staude,https://norskflora.no/plante/?sle=Campanula&art=barbata,https://en.wikipedia.org/wiki/Campanula_barbata,https://upload.wikimedia.org/wikipedia/commons/3/3d/Campanulaceae_-_Campanula_barbata.jpg,,FUNNET
Skjermsveve,Hieracium umbellatum,Kurvplantefamilien,Urt/staude,https://norskflora.no/plante/?sle=Hieracium&art=umbellatum,https://en.wikipedia.org/wiki/Hieracium_umbellatum,https://upload.wikimedia.org/wikipedia/commons/7/7f/Canada_Hawkweed.jpg,,FUNNET
Skjørbuksurt,Cochlearia officinalis,Korsblomstfamilien,Urt/staude,https://norskflora.no/plante/?sle=Cochlearia&art=officinalis,https://en.wikipedia.org/wiki/Cochlearia,https://upload.wikimedia.org/wikipedia/commons/a/a9/Cochlearia_excelsa.jpg,,FUNNET
Skogburkne,Athyrium filix-femina,Storburknefamilien,Bregne,https://norskflora.no/plante/?sle=Athyrium&art=filix-femina,https://en.wikipedia.org/wiki/Athyrium_filix-femina,https://upload.wikimedia.org/wikipedia/commons/e/eb/Athyrium_filix-femina0.jpg,,FUNNET
Skogfiol,Viola riviniana,Fiolfamilien,Urt/staude,https://norskflora.no/plante/?sle=Viola&art=riviniana,https://en.wikipedia.org/wiki/Viola_riviniana,https://upload.wikimedia.org/wikipedia/commons/a/ae/Viola_riviniana-01_%28xndr%29.jpg,,FUNNET
Skogkløver,Trifolium medium,Erteblomstfamilien,Urt/staude,https://norskflora.no/plante/?sle=Trifolium&art=medium,https://en.wikipedia.org/wiki/Trifolium_medium,https://upload.wikimedia.org/wikipedia/commons/9/97/Trifolium_medium_-_Niitv%C3%A4lja.jpg,,FUNNET
Skogkråkefot,Lycopodium complanatum,Kråkefotfamilien,Kråkefotplante,https://norskflora.no/plante/?sle=Lycopodium&art=complanatum,https://en.wikipedia.org/wiki/Diphasiastrum_complanatum,https://upload.wikimedia.org/wikipedia/commons/9/9d/Diphasiastrum_complanatum_151207c.jpg,,FUNNET
Skogrørkvein,Calamagrostis purpurea,Gressfamilien,Gressplante,https://norskflora.no/plante/?sle=Calamagrostis&art=purpurea,https://en.wikipedia.org/wiki/Calamagrostis_purpurea,https://upload.wikimedia.org/wikipedia/commons/a/a4/Calamagrostis_phragmitoides_01.JPG,,FUNNET
Skogsalat,Lactuca muralis,Kurvplantefamilien,Urt/staude,https://norskflora.no/plante/?sle=Lactuca&art=muralis,https://en.wikipedia.org/wiki/Lactuca_muralis,https://upload.wikimedia.org/wikipedia/commons/5/54/Mycelis_muralis.jpeg,,FUNNET
Skogsivaks,Scirpus sylvaticus,Starrfamilien,Gressplante,https://norskflora.no/plante/?sle=Scirpus&art=sylvaticus,https://en.wikipedia.org/wiki/Scirpus_sylvaticus,https://upload.wikimedia.org/wikipedia/commons/1/11/ScirpusSylvaticus.jpg,,FUNNET
Skogstorkenebb,Geranium sylvaticum,Storkenebbfamilien,Urt/staude,https://norskflora.no/plante/?sle=Geranium&art=sylvaticum,https://en.wikipedia.org/wiki/Geranium_sylvaticum,https://upload.wikimedia.org/wikipedia/commons/0/0a/Geranium_sylvaticum_%281%29.JPG,,FUNNET
Skogsvinerot,Stachys sylvatica,Leppeblomstfamilien,Urt/staude,https://norskflora.no/plante/?sle=Stachys&art=sylvatica,https://en.wikipedia.org/wiki/Stachys_sylvatica,https://upload.wikimedia.org/wikipedia/commons/0/0f/Wald-Ziest_%28Stachys_sylvatica%29.jpg,,FUNNET
Skrubbær,Cornus suecica,Kornellfamilien,Urt/staude,https://norskflora.no/plante/?sle=Cornus&art=suecica,https://en.wikipedia.org/wiki/Cornus_suecica,https://upload.wikimedia.org/wikipedia/commons/7/7f/Cornus_suecica_LC0306.jpg,,FUNNET
Skvallerkål,Aegopodium podagraria,Skjermplantefamilien,Urt/staude,https://norskflora.no/plante/?sle=Aegopodium&art=podagraria,https://en.wikipedia.org/wiki/Aegopodium_podagraria,https://upload.wikimedia.org/wikipedia/commons/4/45/Illustration_Aegopodium_podagraria0_clean_no-description.jpg,,FUNNET
Slyngsøtvier,Solanum dulcamara,Søtvierfamilien,Tre/busk,https://norskflora.no/plante/?sle=Solanum&art=dulcamara,https://en.wikipedia.org/wiki/Solanum_dulcamara,https://upload.wikimedia.org/wikipedia/commons/2/29/Solanum_dulcamara_%285386574212%29.jpg,,FUNNET
Slåpetorn,Prunus spinosa,Rosefamilien,Tre/busk,https://norskflora.no/plante/?sle=Prunus&art=spinosa,https://en.wikipedia.org/wiki/Prunus_spinosa,https://upload.wikimedia.org/wikipedia/commons/7/7f/Closeup_of_blackthorn_aka_sloe_aka_prunus_spinosa_sweden_20050924.jpg,,FUNNET
Sløke,Angelica sylvestris,Skjermplantefamilien,Urt/staude,https://norskflora.no/plante/?sle=Angelica&art=sylvestris,https://en.wikipedia.org/wiki/Angelica_sylvestris,https://upload.wikimedia.org/wikipedia/commons/1/13/Illustration_Angelica_silvestris0.jpg,,FUNNET
Smalkjempe,Plantago lanceolata,Maskeblomstfamilien,Urt/staude,https://norskflora.no/plante/?sle=Plantago&art=lanceolata,https://en.wikipedia.org/wiki/Plantago_lanceolata,https://upload.wikimedia.org/wikipedia/commons/1/17/Ribwort_600.jpg,,FUNNET
Smyle,Avenella flexuosa,Gressfamilien,Gressplante,https://norskflora.no/plante/?sle=Avenella&art=flexuosa,https://en.wikipedia.org/wiki/Avenella_flexuosa,https://upload.wikimedia.org/wikipedia/commons/6/6b/Deschampsia-flexuosa-01.jpg,,FUNNET
Småbladlind,Tilia cordata,Kattostfamilien,Tre/busk,https://norskflora.no/plante/?sle=Tilia&art=cordata,https://en.wikipedia.org/wiki/Tilia_cordata,https://upload.wikimedia.org/wikipedia/commons/5/52/Tilia-cordata2.JPG,,FUNNET
Smårørkvein,Achnatherum calamagrostis,Gressfamilien,Gressplante,https://norskflora.no/plante/?sle=Achnatherum&art=calamagrostis,https://en.wikipedia.org/wiki/Achnatherum_calamagrostis,https://upload.wikimedia.org/wikipedia/commons/7/7e/Achnatherum_calamagrostis_-_Berlin_Botanical_Garden_-_IMG_8584.JPG,,FUNNET
Småtranebær,Vaccinium microcarpum,Lyngfamilien,Lyngplante,https://norskflora.no/plante/?sle=Vaccinium&art=microcarpum,https://en.wikipedia.org/wiki/Vaccinium,https://upload.wikimedia.org/wikipedia/commons/8/8b/Vaccinium.jpg,,FUNNET
Småvier,Salix arbuscula,Vierfamilien,Tre/busk,https://norskflora.no/plante/?sle=Salix&art=arbuscula,https://en.wikipedia.org/wiki/Salix_arbuscula,https://upload.wikimedia.org/wikipedia/commons/3/3a/Salix_arbuscula_General_view.JPG,,FUNNET
Sneglebelg,Medicago lupulina,Erteblomstfamilien,Urt/staude,https://norskflora.no/plante/?sle=Medicago&art=lupulina,https://en.wikipedia.org/wiki/Medicago_lupulina,https://upload.wikimedia.org/wikipedia/commons/b/b1/MedicagoLupulina02.jpg,,FUNNET
Snerprørkvein,Calamagrostis arundinacea,Gressfamilien,Gressplante,https://norskflora.no/plante/?sle=Calamagrostis&art=arundinacea,https://en.wikipedia.org/wiki/Calamagrostis_arundinacea,https://upload.wikimedia.org/wikipedia/commons/2/24/Calamagrostis.arundinacea.jpg,,FUNNET
Solblom,Arnica montana,Kurvplantefamilien,Urt/staude,https://norskflora.no/plante/?sle=Arnica&art=montana,https://en.wikipedia.org/wiki/Arnica_montana,https://upload.wikimedia.org/wikipedia/commons/1/17/Arnica_montana_-_K%C3%B6hler%E2%80%93s_Medizinal-Pflanzen-015.jpg,,FUNNET
Solrose,Helianthemum nummularium,Solrosefamilien,Urt/staude,https://norskflora.no/plante/?sle=Helianthemum&art=nummularium,https://en.wikipedia.org/wiki/Helianthemum_nummularium,https://upload.wikimedia.org/wikipedia/commons/a/a8/Sonnenr%C3%B6schen.jpg,,FUNNET
Sommereik,Quercus robur,Bøkefamilien,Tre/busk,https://norskflora.no/plante/?sle=Quercus&art=robur,https://en.wikipedia.org/wiki/Quercus_robur,https://upload.wikimedia.org/wikipedia/commons/a/af/Quercus_robur.jpg,,FUNNET
Spisslønn,Acer platanoides,Lønnefamilien,Tre/busk,https://norskflora.no/plante/?sle=Acer&art=platanoides,https://en.wikipedia.org/wiki/Acer_platanoides,https://upload.wikimedia.org/wikipedia/commons/6/60/Spitz-Ahorn%28mbo%29.jpg,,FUNNET
Steinnype,Rosa canina,Rosefamilien,Tre/busk,https://norskflora.no/plante/?sle=Rosa&art=canina,https://en.wikipedia.org/wiki/Rosa_canina,https://upload.wikimedia.org/wikipedia/commons/3/32/Divlja_ruza_cvijet_270508.jpg,,FUNNET
Stjernemarikåpe,Alchemilla vulgaris,Rosefamilien,Urt/staude,https://norskflora.no/plante/?sle=Alchemilla&art=vulgaris,https://en.wikipedia.org/wiki/Alchemilla_vulgaris,https://upload.wikimedia.org/wikipedia/commons/8/84/Nordens_flora_Alchemilla_vulgaris.jpg,,FUNNET
Storblåfjær,Polygala vulgaris,Blåfjærfamilien,Urt/staude,https://norskflora.no/plante/?sle=Polygala&art=vulgaris,https://en.wikipedia.org/wiki/Polygala_vulgaris,https://upload.wikimedia.org/wikipedia/commons/3/32/Polygala_vulgaris_290504.jpg,,FUNNET
Storfrytle,Luzula sylvatica,Sivfamilien,Gressplante,https://norskflora.no/plante/?sle=Luzula&art=sylvatica,https://en.wikipedia.org/wiki/Luzula,https://upload.wikimedia.org/wikipedia/commons/5/57/Luzula_sylvatica0.jpg,,FUNNET
Storklokke,Campanula latifolia,Klokkefamilien,Urt/staude,https://norskflora.no/plante/?sle=Campanula&art=latifolia,https://en.wikipedia.org/wiki/Campanula_latifolia,https://upload.wikimedia.org/wikipedia/commons/5/5c/Campanula_latifolia1.jpg,,FUNNET
Storkonvall,Polygonatum multiflorum,Aspargesfamilien,Urt/staude,https://norskflora.no/plante/?sle=Polygonatum&art=multiflorum,https://en.wikipedia.org/wiki/Polygonatum,https://upload.wikimedia.org/wikipedia/commons/f/f1/Polygonatum_multiflorum2_ies.jpg,,FUNNET
Storveronika,Veronica longifolia,Maskeblomstfamilien,Urt/staude,https://norskflora.no/plante/?sle=Veronica&art=longifolia,https://en.wikipedia.org/wiki/Veronica_longifolia,https://upload.wikimedia.org/wikipedia/commons/3/3e/Veronica_longifolia_Przetacznik_d%C5%82ugolistny_2020-07-12_05.jpg,,FUNNET
Strandkål,Crambe maritima,Korsblomstfamilien,Urt/staude,https://norskflora.no/plante/?sle=Crambe&art=maritima,https://en.wikipedia.org/wiki/Crambe_maritima,https://upload.wikimedia.org/wikipedia/commons/a/ab/Crambe_Maritima_Estonia.jpg,,FUNNET
Strandrug,Leymus arenarius,Gressfamilien,Gressplante,https://norskflora.no/plante/?sle=Leymus&art=arenarius,https://en.wikipedia.org/wiki/Leymus_arenarius,https://upload.wikimedia.org/wikipedia/commons/7/7c/Leymus_arenarius_habitus.jpeg,,FUNNET
Strandrør,Phalaris arundinacea,Gressfamilien,Gressplante,https://norskflora.no/plante/?sle=Phalaris&art=arundinacea,https://en.wikipedia.org/wiki/Phalaris_arundinacea,https://upload.wikimedia.org/wikipedia/commons/a/a4/Phalaris_arundinacea_1.jpg,,FUNNET
Strandstjerne,Tripolium pannonicum,Kurvplantefamilien,Urt/staude,https://norskflora.no/plante/?sle=Tripolium&art=pannonicum,https://en.wikipedia.org/wiki/Tripolium_pannonicum,https://upload.wikimedia.org/wikipedia/commons/d/d4/Sea_Aster.jpg,,FUNNET
Strandtorn,Eryngium maritimum,Skjermplantefamilien,Urt/staude,https://norskflora.no/plante/?sle=Eryngium&art=maritimum,https://en.wikipedia.org/wiki/Eryngium_maritimum,https://upload.wikimedia.org/wikipedia/commons/3/37/Illustration_Eryngium_maritimum0.jpg,,FUNNET
Strandvindel,Calystegia sepium,Vindelfamilien,Urt/staude,https://norskflora.no/plante/?sle=Calystegia&art=sepium,https://en.wikipedia.org/wiki/Calystegia_sepium,https://upload.wikimedia.org/wikipedia/commons/0/0f/Calystegia_April_2008-1.jpg,,FUNNET
Strandvortemelk,Euphorbia palustris,Vortemelkfamilien,Urt/staude,https://norskflora.no/plante/?sle=Euphorbia&art=palustris,https://en.wikipedia.org/wiki/Euphorbia_palustris,https://upload.wikimedia.org/wikipedia/commons/a/a6/Dr%C3%B6singer_Wald_02.jpg,,FUNNET
Strikråkefot,Lycopodium annotinum,Kråkefotfamilien,Kråkefotplante,https://norskflora.no/plante/?sle=Lycopodium&art=annotinum,https://en.wikipedia.org/wiki/Lycopodium_annotinum,https://upload.wikimedia.org/wikipedia/commons/f/f6/Lycopodium_annotinum_161102a.jpg,,FUNNET
Strutseving,Onoclea struthiopteris,Strutsevingfamilien,Bregne,https://norskflora.no/plante/?sle=Onoclea&art=struthiopteris,https://en.wikipedia.org/wiki/Matteuccia,https://upload.wikimedia.org/wikipedia/commons/5/53/Matteuccia_struthiopteris_fiddleheads.jpg,,FUNNET
Svartor,Alnus glutinosa,Bjørkefamilien,Tre/busk,https://norskflora.no/plante/?sle=Alnus&art=glutinosa,https://en.wikipedia.org/wiki/Alnus_glutinosa,https://upload.wikimedia.org/wikipedia/commons/2/2c/20120904Alnus_glutinosa01.jpg,,FUNNET
Svartsøtvier,Solanum nigrum,Søtvierfamilien,Urt/staude,https://norskflora.no/plante/?sle=Solanum&art=nigrum,https://en.wikipedia.org/wiki/Solanum_nigrum,https://upload.wikimedia.org/wikipedia/commons/7/7e/Solanum_nigrum_flower.jpg,,FUNNET
Svartvier,Salix myrsinifolia,Vierfamilien,Tre/busk,https://norskflora.no/plante/?sle=Salix&art=myrsinifolia,https://en.wikipedia.org/wiki/Salix_myrsinifolia,https://upload.wikimedia.org/wikipedia/commons/f/f4/Salix_myrsinifolia_%28Schwarz-Weide%29_IMG_4622.JPG,,FUNNET
Svenskasal,Scandosorbus intermedia,Rosefamilien,Tre/busk,https://norskflora.no/plante/?sle=Scandosorbus&art=intermedia,https://en.wikipedia.org/wiki/Scandosorbus_intermedia,https://upload.wikimedia.org/wikipedia/commons/7/73/Zweedse_lijsterbes_27-08-2005_15.29.26.JPG,,FUNNET
Sverdlilje,Iris pseudacorus,Sverdliljefamilien,Urt/staude,https://norskflora.no/plante/?sle=Iris&art=pseudacorus,https://en.wikipedia.org/wiki/Iris_pseudacorus,https://upload.wikimedia.org/wikipedia/commons/c/c3/Iris_pseudacorus_iris_des_marais.jpg,,FUNNET
Sølvasal,Aria edulis,Rosefamilien,Tre/busk,https://norskflora.no/plante/?sle=Aria&art=edulis,https://en.wikipedia.org/wiki/Aria_edulis,https://upload.wikimedia.org/wikipedia/commons/5/5a/Sorbus_aria-3420.jpg,,FUNNET
Sølvbunke,Deschampsia cespitosa,Gressfamilien,Gressplante,https://norskflora.no/plante/?sle=Deschampsia&art=cespitosa,https://en.wikipedia.org/wiki/Deschampsia_cespitosa,https://upload.wikimedia.org/wikipedia/commons/e/e0/DeschampsiaCesp.jpg,,FUNNET
Sølvvier,Salix glauca,Vierfamilien,Tre/busk,https://norskflora.no/plante/?sle=Salix&art=glauca,https://en.wikipedia.org/wiki/Salix_glauca,https://upload.wikimedia.org/wikipedia/commons/d/df/Salix_glauca_hg.jpg,,FUNNET
Søterot,Gentiana purpurea,Søterotfamilien,Urt/staude,https://norskflora.no/plante/?sle=Gentiana&art=purpurea,https://en.wikipedia.org/wiki/Gentiana_purpurea,https://upload.wikimedia.org/wikipedia/commons/8/8c/Gentiana_purpurea_Swiss.jpg,,FUNNET
Søtkirsebær,Prunus avium,Rosefamilien,Tre/busk,https://norskflora.no/plante/?sle=Prunus&art=avium,https://en.wikipedia.org/wiki/Prunus_avium,https://upload.wikimedia.org/wikipedia/commons/4/49/Prunus_avium_fruit.jpg,,FUNNET
Takrør,Phragmites australis,Gressfamilien,Gressplante,https://norskflora.no/plante/?sle=Phragmites&art=australis,https://en.wikipedia.org/wiki/Phragmites_australis,https://upload.wikimedia.org/wikipedia/commons/8/86/Phragmites_australis_-_NASA_Tracks_an_Environmental_Invader_%2848049936657%29.jpg,,FUNNET
Teiebær,Rubus saxatilis,Rosefamilien,Urt/staude,https://norskflora.no/plante/?sle=Rubus&art=saxatilis,https://en.wikipedia.org/wiki/Rubus_saxatilis,https://upload.wikimedia.org/wikipedia/commons/7/73/Rubus_saxatilis_-_Niitv%C3%A4lja_bog.jpg,,FUNNET
Tepperot,Potentilla erecta,Rosefamilien,Urt/staude,https://norskflora.no/plante/?sle=Potentilla&art=erecta,https://en.wikipedia.org/wiki/Potentilla_erecta,https://upload.wikimedia.org/wikipedia/commons/1/13/Potentilla_erecta_-_K%C3%B6hler%E2%80%93s_Medizinal-Pflanzen-248.jpg,,FUNNET
Tindved,Hippophae rhamnoides,Sølvbuskfamilien,Tre/busk,https://norskflora.no/plante/?sle=Hippophae&art=rhamnoides,https://en.wikipedia.org/wiki/Hippophae_rhamnoides,https://upload.wikimedia.org/wikipedia/commons/3/3a/Hippophae_rhamnoides-01_%28xndr%29.JPG,,FUNNET
Tiriltunge,Lotus corniculatus,Erteblomstfamilien,Urt/staude,https://norskflora.no/plante/?sle=Lotus&art=corniculatus,https://en.wikipedia.org/wiki/Lotus_corniculatus,https://upload.wikimedia.org/wikipedia/commons/0/02/%28MHNT%29_Lotus_corniculatus_-_Plant_habit.jpg,,FUNNET
Trollbær,Actaea spicata,Soleiefamilien,Urt/staude,https://norskflora.no/plante/?sle=Actaea&art=spicata,https://en.wikipedia.org/wiki/Actaea_spicata,https://upload.wikimedia.org/wikipedia/commons/0/08/Illustration_Actaea_spicata0.jpg,,FUNNET
Trollhegg,Frangula alnus,Trollheggfamilien,Tre/busk,https://norskflora.no/plante/?sle=Frangula&art=alnus,https://en.wikipedia.org/wiki/Frangula_alnus,https://upload.wikimedia.org/wikipedia/commons/5/5c/Frangula-alnus-fruits.JPG,,FUNNET
Trollnyperose,Rosa spinosissima,Rosefamilien,Tre/busk,https://norskflora.no/plante/?sle=Rosa&art=spinosissima,https://en.wikipedia.org/wiki/Rosa_pimpinellifolia,https://upload.wikimedia.org/wikipedia/commons/f/f9/Rosa_pimpinellifolia.jpg,,FUNNET
Tundraarve,Cerastium arcticum,Nellikfamilien,Urt/staude,https://norskflora.no/plante/?sle=Cerastium&art=arcticum,https://en.wikipedia.org/wiki/Cerastium_arcticum,https://upload.wikimedia.org/wikipedia/commons/b/bf/Mouseearchickweed.jpg,,FUNNET
Turt,Cicerbita alpina,Kurvplantefamilien,Urt/staude,https://norskflora.no/plante/?sle=Cicerbita&art=alpina,https://en.wikipedia.org/wiki/Cicerbita_alpina,https://upload.wikimedia.org/wikipedia/commons/9/9d/Cicerbita_alpina_2005.07.31_11.58.41.jpg,,FUNNET
Tusenfryd,Bellis perennis,Kurvplantefamilien,Urt/staude,https://norskflora.no/plante/?sle=Bellis&art=perennis,https://en.wikipedia.org/wiki/Bellis_perennis,https://upload.wikimedia.org/wikipedia/commons/4/4b/Bellis_perennis_sl1.jpg,,FUNNET
Tveskjeggveronika,Veronica chamaedrys,Maskeblomstfamilien,Urt/staude,https://norskflora.no/plante/?sle=Veronica&art=chamaedrys,https://en.wikipedia.org/wiki/Veronica_chamaedrys,https://upload.wikimedia.org/wikipedia/commons/b/b2/Ehrenpreis-JR-T20-2021-05-29.jpg,,FUNNET
Tysbast,Daphne mezereum,Tysbastfamilien,Tre/busk,https://norskflora.no/plante/?sle=Daphne&art=mezereum,https://en.wikipedia.org/wiki/Daphne_mezereum,https://upload.wikimedia.org/wikipedia/commons/8/85/Daphne_mezereum_Kouvervaara_Kuusamo_29.7.2005.jpg,,FUNNET
Tyttebær,Vaccinium vitis-idaea,Lyngfamilien,Lyngplante,https://norskflora.no/plante/?sle=Vaccinium&art=vitis-idaea,https://en.wikipedia.org/wiki/Vaccinium_vitis-idaea,https://upload.wikimedia.org/wikipedia/commons/f/f1/Vaccinium_vitis-idaea_20060824_003.jpg,,FUNNET
Ugressklokke,Campanula rapunculoides,Klokkefamilien,Urt/staude,https://norskflora.no/plante/?sle=Campanula&art=rapunculoides,https://en.wikipedia.org/wiki/Campanula_rapunculoides,https://upload.wikimedia.org/wikipedia/commons/a/a8/Creeping_Bellflower%2C_Ottawa.jpg,,FUNNET
Ullvier,Salix lanata,Vierfamilien,Tre/busk,https://norskflora.no/plante/?sle=Salix&art=lanata,https://en.wikipedia.org/wiki/Salix_lanata,https://upload.wikimedia.org/wikipedia/commons/6/67/Salix-lanata-total.JPG,,FUNNET
Vadderot,Phyteuma spicatum,Klokkefamilien,Urt/staude,https://norskflora.no/plante/?sle=Phyteuma&art=spicatum,https://en.wikipedia.org/wiki/Phyteuma_spicatum,https://upload.wikimedia.org/wikipedia/commons/a/a9/Phyteuma_spicata_280504.jpg,,FUNNET
Vassgro,Alisma plantago-aquatica,Vassgrofamilien,Urt/staude,https://norskflora.no/plante/?sle=Alisma&art=plantago-aquatica,https://en.wikipedia.org/wiki/Alisma_plantago-aquatica,https://upload.wikimedia.org/wikipedia/commons/d/d7/Alisma_plantago-aquatica_flos1_%28cropped%29.JPG,,FUNNET
Vasslirekne,Persicaria amphibia,Slireknefamilien,Urt/staude,https://norskflora.no/plante/?sle=Persicaria&art=amphibia,https://en.wikipedia.org/wiki/Persicaria_amphibia,https://upload.wikimedia.org/wikipedia/commons/8/84/Persicaria_amphibia-01_%28xndr%29.jpg,,FUNNET
Villkornell,Cornus sanguinea,Kornellfamilien,Tre/busk,https://norskflora.no/plante/?sle=Cornus&art=sanguinea,https://en.wikipedia.org/wiki/Cornus_sanguinea,https://upload.wikimedia.org/wikipedia/commons/6/6f/Cornus_sanguinea_Sturm39.jpg,,FUNNET
Vintereik,Quercus petraea,Bøkefamilien,Tre/busk,https://norskflora.no/plante/?sle=Quercus&art=petraea,https://en.wikipedia.org/wiki/Quercus_petraea,https://upload.wikimedia.org/wikipedia/commons/8/89/Quercus_petraea_06.jpg,,FUNNET
Vivendel,Lonicera periclymenum,Kaprifolfamilien,Tre/busk,https://norskflora.no/plante/?sle=Lonicera&art=periclymenum,https://en.wikipedia.org/wiki/Lonicera_periclymenum,https://upload.wikimedia.org/wikipedia/commons/3/3b/European_honeysuckle_800.jpg,,FUNNET
Vårerteknapp,Lathyrus vernus,Erteblomstfamilien,Urt/staude,https://norskflora.no/plante/?sle=Lathyrus&art=vernus,https://en.wikipedia.org/wiki/Lathyrus_vernus,https://upload.wikimedia.org/wikipedia/commons/e/e3/Lathyrus_vernus-IMG_7284.JPG,,FUNNET
Åkerbær,Rubus arcticus,Rosefamilien,Urt/staude,https://norskflora.no/plante/?sle=Rubus&art=arcticus,https://en.wikipedia.org/wiki/Rubus_arcticus,https://upload.wikimedia.org/wikipedia/commons/7/79/Rubus_arcticus.jpg,,FUNNET
Åkersvineblom,Senecio vulgaris,Kurvplantefamilien,Urt/staude,https://norskflora.no/plante/?sle=Senecio&art=vulgaris,https://en.wikipedia.org/wiki/Senecio_vulgaris,https://upload.wikimedia.org/wikipedia/commons/9/99/Common_Groundsel-first_fruits.jpg,,FUNNET
Ørevier,Salix aurita,Vierfamilien,Tre/busk,https://norskflora.no/plante/?sle=Salix&art=aurita,https://en.wikipedia.org/wiki/Salix_aurita,https://upload.wikimedia.org/wikipedia/commons/f/fe/Salix_aurita_007.jpg,,FUNNET
